time,flow,salt,temp,TRC_tr1,TRC_age,NCS_ss1,OXY_oxy,SIL_rsi,NIT_amm,NIT_nit,PHS_frp,PHS_frp_ads,OGM_doc,OGM_poc,OGM_don,OGM_pon,OGM_dop,OGM_pop,OGM_docr,OGM_donr,OGM_dopr,OGM_cpom,PHY_grn,PHY_bga,PHY_diatom
2023-01-01 00:00:00,0.059,0.011935,20.493192,1,0,1.8,172.091944,123.724792,1.382447,1.83579,0.16129,0.016129,30.489953,152.979905,3.718237,9.239058,0.052748,0.065935,274.409573,8.675886,0.013187,15.297991,7.277419,7.277419,7.277419
2023-01-02 00:00:00,0.063,0.011936,20.50198,1,0,1.8,169.990464,123.724792,1.425249,1.678851,0.16129,0.016129,30.378985,152.757971,3.604099,9.039316,0.051029,0.063787,273.410868,8.409565,0.012757,15.275797,7.277419,7.277419,7.277419
2023-01-03 00:00:00,0.059,0.011936,20.510769,1,0,1.8,167.888984,123.724792,1.46805,1.521911,0.16129,0.016129,30.268018,152.536036,3.489961,8.839575,0.049311,0.061639,272.412162,8.143243,0.012328,15.253604,7.277419,7.277419,7.277419
2023-01-04 00:00:00,0.06,0.011937,20.519558,1,0,1.8,165.787505,123.724792,1.510852,1.364972,0.16129,0.016129,30.157051,152.314102,3.375824,8.639834,0.047593,0.059491,271.413457,7.876922,0.011898,15.23141,7.277419,7.277419,7.277419
2023-01-05 00:00:00,0.052,0.011937,20.528347,1,0,1.8,163.686025,89.251995,1.553653,1.208032,0.16129,0.016129,30.046084,152.092167,3.261686,8.440093,0.045875,0.057344,270.414752,7.6106,0.011469,15.209217,24.481231,24.481231,24.481231
2023-01-06 00:00:00,0.056,0.011939,20.440807,1,0,1.880835,164.060686,89.79806,1.590675,1.174934,0.16129,0.016129,30.037423,152.074847,3.214286,8.434128,0.042843,0.053554,270.336811,7.5,0.010711,15.207485,23.483843,23.483843,23.483843
2023-01-07 00:00:00,0.059,0.011942,20.284742,1,0,2.019082,166.196789,90.344126,1.623591,1.229794,0.16129,0.016129,30.101427,152.202854,3.214286,8.565792,0.038879,0.048599,270.912842,7.5,0.00972,15.220285,22.486454,22.486454,22.486454
2023-01-08 00:00:00,0.059,0.011945,20.128677,1,0,2.157329,168.332891,90.890191,1.656507,1.284655,0.16129,0.016129,30.16543,152.330861,3.214286,8.697457,0.034915,0.043644,271.488873,7.5,0.008729,15.233086,21.489066,21.489066,21.489066
2023-01-09 00:00:00,0.055,0.011948,19.972611,1,0,2.295577,170.468994,91.436257,1.689423,1.339515,0.16129,0.016129,30.229434,152.458867,3.214286,8.829121,0.030951,0.038689,272.064903,7.5,0.007738,15.245887,20.491677,20.491677,20.491677
2023-01-10 00:00:00,0.054,0.011951,19.816546,1,0,2.433824,172.605096,91.982322,1.722339,1.394375,0.16129,0.016129,30.293437,152.586874,3.214286,8.960785,0.026987,0.033734,272.640934,7.5,0.006747,15.258687,19.494289,19.494289,19.494289
2023-01-11 00:00:00,0.044,0.011954,19.660481,1,0,2.572072,174.741199,92.528387,1.755255,1.449235,0.16129,0.016129,30.357441,152.714881,3.214286,9.092449,0.023023,0.028779,273.216965,7.5,0.005756,15.271488,18.4969,18.4969,18.4969
2023-01-12 00:00:00,0.03,0.011957,19.504416,1,0,2.710319,176.877301,93.074453,1.788171,1.504095,0.16129,0.016129,30.421444,152.842888,3.214286,9.224113,0.019059,0.023824,273.792996,7.5,0.004765,15.284289,17.499512,17.499512,17.499512
2023-01-13 00:00:00,0.036,0.01196,19.348351,1,0,2.848566,179.013404,93.620518,1.821087,1.558955,0.16129,0.016129,30.485447,152.970895,3.214286,9.355777,0.015095,0.018869,274.369026,7.5,0.003774,15.297089,16.502124,16.502124,16.502124
2023-01-14 00:00:00,0.037,0.011963,19.192286,1,0,2.986814,181.149506,94.166584,1.854003,1.613815,0.16129,0.016129,30.549451,153.098902,3.214286,9.487442,0.011131,0.013913,274.945057,7.5,0.002783,15.30989,15.504735,15.504735,15.504735
2023-01-15 00:00:00,0.035,0.011966,19.036221,1,0,3.125061,183.285609,94.712649,1.886919,1.668675,0.16129,0.016129,30.613454,153.226908,3.214286,9.619106,0.007167,0.008958,275.521088,7.5,0.001792,15.322691,14.507347,14.507347,14.507347
2023-01-16 00:00:00,0.04,0.011969,18.880156,1,0,3.263308,185.421711,95.258714,1.919835,1.723535,0.16129,0.016129,30.677458,153.354915,3.214286,9.75077,0.003203,0.004003,276.097119,7.5,0.000801,15.335492,13.509958,13.509958,13.509958
2023-01-17 00:00:00,0.037,0.011972,18.724091,1,0,3.401556,187.557814,95.80478,1.952751,1.778395,0.16129,0.016129,30.741461,153.482922,3.214286,9.882434,0,0,276.673149,7.5,0,15.348292,12.51257,12.51257,12.51257
2023-01-18 00:00:00,0.033,0.011975,18.568026,1,0,3.539803,189.693916,96.085409,1.985667,1.833255,0.16129,0.016129,30.805464,153.610929,3.214286,10.014098,0,0,277.24918,7.5,0,15.361093,12.034642,12.034642,12.034642
2023-01-19 00:00:00,0.029,0.011977,18.622546,1,0,3.563751,188.537287,96.085409,1.979874,1.842758,0.16129,0.016129,30.900461,153.800922,3.240178,9.99374,0,0,278.104149,7.560415,0,15.380092,12.105908,12.105908,12.105908
2023-01-20 00:00:00,0.046,0.011977,18.83978,1,0,3.499545,184.836458,96.085409,1.944225,1.81728,0.16129,0.016129,31.019361,154.038722,3.286039,9.856135,0.001465,0.001831,279.174251,7.667425,0.000366,15.403872,12.177174,12.177174,12.177174
2023-01-21 00:00:00,0.046,0.011978,19.057015,1,0,3.435339,181.135629,96.085409,1.908576,1.791801,0.16129,0.016129,31.138261,154.276523,3.331901,9.718529,0.006525,0.008156,280.244352,7.774435,0.001631,15.427652,12.24844,12.24844,12.24844
2023-01-22 00:00:00,0.045,0.011978,19.274249,1,0,3.371133,177.4348,96.085409,1.872927,1.766323,0.16129,0.016129,31.257162,154.514323,3.377762,9.580923,0.011585,0.014481,281.314454,7.881445,0.002896,15.451432,12.319706,12.319706,12.319706
2023-01-23 00:00:00,0.041,0.011978,19.491483,1,0,3.306927,173.733971,96.085409,1.837278,1.740844,0.16129,0.016129,31.376062,154.752123,3.423624,9.443318,0.016644,0.020805,282.384555,7.988456,0.004161,15.475212,12.390972,12.390972,12.390972
2023-01-24 00:00:00,0.044,0.011979,19.708717,1,0,3.242721,170.033142,96.085409,1.801629,1.715365,0.16129,0.016129,31.494962,154.989924,3.469485,9.305712,0.021704,0.02713,283.454657,8.095466,0.005426,15.498992,12.462238,12.462238,12.462238
2023-01-25 00:00:00,0.042,0.011979,19.925951,1,0,3.178514,166.332313,96.085409,1.765981,1.689887,0.16129,0.016129,31.613862,155.227724,3.515347,9.168106,0.026764,0.033455,284.524758,8.202476,0.006691,15.522772,12.533504,12.533504,12.533504
2023-01-26 00:00:00,0.042,0.01198,20.143186,1,0,3.114308,162.631484,96.085409,1.730332,1.664408,0.16129,0.016129,31.732762,155.465524,3.561208,9.030501,0.031824,0.03978,285.59486,8.309486,0.007956,15.546552,12.60477,12.60477,12.60477
2023-01-27 00:00:00,0.042,0.01198,20.36042,1,0,3.050102,158.930655,96.085409,1.694683,1.638929,0.16129,0.016129,31.851662,155.703325,3.60707,8.892895,0.036884,0.046105,286.664962,8.416496,0.009221,15.570332,12.676036,12.676036,12.676036
2023-01-28 00:00:00,0.046,0.01198,20.577654,1,0,2.985896,155.229826,96.085409,1.659034,1.613451,0.16129,0.016129,31.970563,155.941125,3.652931,8.755289,0.041944,0.052429,287.735063,8.523506,0.010486,15.594113,12.747302,12.747302,12.747302
2023-01-29 00:00:00,0.041,0.011981,20.794888,1,0,2.92169,151.528997,96.085409,1.623385,1.587972,0.16129,0.016129,32.089463,156.178925,3.698793,8.617683,0.047003,0.058754,288.805165,8.630516,0.011751,15.617893,12.818568,12.818568,12.818568
2023-01-30 00:00:00,0.04,0.011981,21.012122,1,0,2.857484,147.828168,96.085409,1.587736,1.562494,0.16129,0.016129,32.208363,156.416726,3.744654,8.480078,0.052063,0.065079,289.875266,8.737527,0.013016,15.641673,12.889834,12.889834,12.889834
2023-01-31 00:00:00,0.038,0.011982,21.229357,1,0,2.793278,144.127339,96.085409,1.552087,1.537015,0.16129,0.016129,32.327263,156.654526,3.790516,8.342472,0.057123,0.071404,290.945368,8.844537,0.014281,15.665453,12.9611,12.9611,12.9611
2023-02-01 00:00:00,0.047,0.011982,21.446591,1,0,2.729072,140.42651,96.547092,1.516438,1.511536,0.16129,0.016129,32.446163,156.892327,3.836377,8.204866,0.062183,0.077729,292.015469,8.951547,0.015546,15.689233,12.837834,12.837834,12.837834
2023-02-02 00:00:00,0.042,0.011981,21.517132,1,0,2.770185,139.078863,97.563667,1.48079,1.497215,0.16129,0.016129,32.305041,156.610083,3.815366,8.095225,0.067243,0.084053,290.745373,8.902521,0.016811,15.661008,12.480762,12.480762,12.480762
2023-02-03 00:00:00,0.041,0.011977,21.466184,1,0,2.898445,139.680084,98.580242,1.445141,1.492125,0.16129,0.016129,31.948765,155.897529,3.739021,8.008721,0.072303,0.090378,287.538881,8.724382,0.018076,15.589753,12.12369,12.12369,12.12369
2023-02-04 00:00:00,0.036,0.011974,21.415236,1,0,3.026704,140.281306,99.596817,1.409492,1.487036,0.16129,0.016129,31.592488,155.184975,3.662676,7.922218,0.077362,0.096703,284.332389,8.546244,0.019341,15.518498,11.766618,11.766618,11.766618
2023-02-05 00:00:00,0.034,0.011971,21.364288,1,0,3.154964,140.882528,100.613392,1.373843,1.481946,0.16129,0.016129,31.236211,154.472422,3.586331,7.835715,0.082422,0.103028,281.125897,8.368105,0.020606,15.447242,11.409546,11.409546,11.409546
2023-02-06 00:00:00,0.041,0.011968,21.31334,1,0,3.283224,141.48375,101.629968,1.338194,1.476856,0.16129,0.016129,30.879934,153.759868,3.509986,7.749212,0.087482,0.109353,277.919405,8.189967,0.021871,15.375987,11.052474,11.052474,11.052474
2023-02-07 00:00:00,0.041,0.011965,21.262392,1,0,3.411483,142.084971,102.646543,1.302545,1.471767,0.16129,0.016129,30.523657,153.047314,3.433641,7.662708,0.092542,0.115677,274.712913,8.011828,0.023135,15.304731,10.695402,10.695402,10.695402
2023-02-08 00:00:00,0.046,0.011961,21.211444,1,0,3.539743,142.686193,103.663118,1.266896,1.466677,0.16129,0.016129,30.16738,152.33476,3.357296,7.576205,0.097602,0.122002,271.50642,7.83369,0.0244,15.233476,10.33833,10.33833,10.33833
2023-02-09 00:00:00,0.04,0.011958,21.160496,1,0,3.668003,143.287415,104.679693,1.231248,1.461587,0.16129,0.016129,29.811103,151.622206,3.280951,7.489702,0.102662,0.128327,268.299928,7.655552,0.025665,15.162221,9.981258,9.981258,9.981258
2023-02-10 00:00:00,0.043,0.011955,21.109548,1,0,3.796263,143.888637,105.696268,1.195599,1.456498,0.16129,0.016129,29.454826,150.909652,3.204606,7.403199,0.107721,0.134652,265.093436,7.477413,0.02693,15.090965,9.624186,9.624186,9.624186
2023-02-11 00:00:00,0.041,0.011952,21.0586,1,0,3.924522,144.489858,106.712843,1.15995,1.451408,0.16129,0.016129,29.098549,150.197099,3.128261,7.316696,0.112781,0.140977,261.886944,7.299275,0.028195,15.01971,9.267114,9.267114,9.267114
2023-02-12 00:00:00,0.037,0.011949,21.007652,1,0,4.052782,145.09108,107.729418,1.124301,1.446318,0.16129,0.016129,28.742272,149.484545,3.051916,7.230192,0.117841,0.147301,258.680452,7.121136,0.02946,14.948454,8.910042,8.910042,8.910042
2023-02-13 00:00:00,0.039,0.011945,20.956704,1,0,4.181042,145.692302,108.745993,1.088652,1.441229,0.16129,0.016129,28.385996,148.771991,2.97557,7.143689,0.122901,0.153626,255.47396,6.942998,0.030725,14.877199,8.55297,8.55297,8.55297
2023-02-14 00:00:00,0.038,0.011942,20.905756,1,0,4.309301,146.293524,109.762569,1.053003,1.436139,0.16129,0.016129,28.029719,148.059437,2.899225,7.057186,0.127961,0.159951,252.267467,6.764859,0.03199,14.805944,8.195898,8.195898,8.195898
2023-02-15 00:00:00,0.03,0.011939,20.854808,1,0,4.437561,146.894745,109.630354,1.017354,1.431049,0.16129,0.016129,27.673442,147.346883,2.82288,6.970683,0.133021,0.166276,249.060975,6.586721,0.033255,14.734688,8.129247,8.129247,8.129247
2023-02-16 00:00:00,0.112,0.011939,20.843618,1,0,4.473965,147.452042,108.101855,1.007889,1.431201,0.16129,0.016129,28.11358,148.227161,2.825159,7.01009,0.135959,0.169949,253.022223,6.592037,0.03399,14.822716,8.415586,8.415586,8.415586
2023-02-17 00:00:00,0.052,0.011943,20.870161,1,0,4.423233,147.96765,106.573355,1.023261,1.436325,0.16129,0.016129,29.309217,150.618435,2.902021,7.168939,0.136885,0.171106,263.782956,6.771383,0.034221,15.061843,8.701925,8.701925,8.701925
2023-02-18 00:00:00,0.021,0.011947,20.896703,1,0,4.372501,148.483259,105.044855,1.038634,1.441449,0.16129,0.016129,30.504854,153.009708,2.978883,7.327788,0.13781,0.172263,274.543688,6.950728,0.034453,15.300971,8.988264,8.988264,8.988264
2023-02-19 00:00:00,0.011,0.01195,20.923246,1,0,4.321769,148.998868,103.516355,1.054006,1.446574,0.16129,0.016129,31.700491,155.400982,3.055746,7.486637,0.138736,0.17342,285.30442,7.130074,0.034684,15.540098,9.274603,9.274603,9.274603
2023-02-20 00:00:00,0.009,0.011954,20.949789,1,0,4.271037,149.514476,101.987855,1.069379,1.451698,0.16129,0.016129,32.896128,157.792256,3.132608,7.645486,0.139662,0.174577,296.065153,7.309419,0.034915,15.779226,9.560942,9.560942,9.560942
2023-02-21 00:00:00,0.007,0.011958,20.976331,1,0,4.220305,150.030085,100.459355,1.084751,1.456822,0.16129,0.016129,34.091765,160.18353,3.209471,7.804334,0.140587,0.175734,306.825885,7.488765,0.035147,16.018353,9.847281,9.847281,9.847281
2023-02-22 00:00:00,0.009,0.011961,21.002874,1,0,4.169573,150.545693,98.930855,1.100124,1.461946,0.16129,0.016129,35.287402,162.574804,3.286333,7.963183,0.141513,0.176891,317.586617,7.66811,0.035378,16.25748,10.13362,10.13362,10.13362
2023-02-23 00:00:00,0.008,0.011965,21.029417,1,0,4.118841,151.061302,97.402355,1.115496,1.46707,0.16129,0.016129,36.483039,164.966078,3.363195,8.122032,0.142438,0.178048,328.34735,7.847456,0.03561,16.496608,10.419959,10.419959,10.419959
2023-02-24 00:00:00,0.028,0.011969,21.055959,1,0,4.068109,151.57691,95.873855,1.130869,1.472194,0.16129,0.016129,37.678676,167.357352,3.440058,8.280881,0.143364,0.179205,339.108082,8.026801,0.035841,16.735735,10.706298,10.706298,10.706298
2023-02-25 00:00:00,0.033,0.011972,21.082502,1,0,4.017377,152.092519,94.345355,1.146241,1.477318,0.16129,0.016129,38.874313,169.748625,3.51692,8.43973,0.14429,0.180362,349.868814,8.206147,0.036072,16.974863,10.992637,10.992637,10.992637
2023-02-26 00:00:00,0.033,0.011976,21.109044,1,0,3.966645,152.608128,92.816855,1.161614,1.482443,0.16129,0.016129,40.06995,172.139899,3.593782,8.598579,0.145215,0.181519,360.629546,8.385492,0.036304,17.21399,11.278976,11.278976,11.278976
2023-02-27 00:00:00,0.032,0.01198,21.135587,1,0,3.915913,153.123736,91.288355,1.176986,1.487567,0.16129,0.016129,41.265587,174.531173,3.670645,8.757428,0.146141,0.182676,371.390279,8.564838,0.036535,17.453117,11.565315,11.565315,11.565315
2023-02-28 00:00:00,0.042,0.011983,21.16213,1,0,3.865181,153.639345,89.759855,1.192359,1.492691,0.16129,0.016129,42.461223,176.922447,3.747507,8.916277,0.147067,0.183833,382.151011,8.744184,0.036767,17.692245,11.851654,11.851654,11.851654
2023-03-01 00:00:00,0.044,0.011987,21.188672,1,0,3.814449,154.154953,89.090522,1.207731,1.497815,0.16129,0.016129,43.65686,179.313721,3.82437,9.075126,0.147992,0.184991,392.911743,8.923529,0.036998,17.931372,11.931127,11.931127,11.931127
2023-03-02 00:00:00,0.04,0.011986,21.153274,1,0,3.763717,153.696148,89.344817,1.240652,1.49707,0.16129,0.016129,43.448906,178.897811,3.874721,9.189731,0.142566,0.178207,391.040151,9.041015,0.035641,17.889781,11.788213,11.788213,11.788213
2023-03-03 00:00:00,0.042,0.011983,21.071762,1,0,3.712985,152.511888,89.599111,1.286619,1.491963,0.16129,0.016129,42.197603,176.395207,3.905365,9.271449,0.132417,0.165521,379.77843,9.112518,0.033104,17.639521,11.645299,11.645299,11.645299
2023-03-04 00:00:00,0.04,0.011979,20.990249,1,0,3.662253,151.327629,89.853406,1.332585,1.486856,0.16129,0.016129,40.946301,173.892602,3.936009,9.353167,0.122268,0.152835,368.516708,9.184021,0.030567,17.38926,11.502386,11.502386,11.502386
2023-03-05 00:00:00,0.038,0.011975,20.908736,1,0,3.611521,150.143369,90.107701,1.378551,1.481748,0.16129,0.016129,39.694998,171.389997,3.966653,9.434884,0.112119,0.140149,357.254986,9.255524,0.02803,17.139,11.359472,11.359472,11.359472
2023-03-06 00:00:00,0.035,0.011972,20.827223,1,0,3.560789,148.95911,90.361996,1.424517,1.476641,0.16129,0.016129,38.443696,168.887392,3.997297,9.516602,0.10197,0.127463,345.993265,9.327027,0.025493,16.888739,11.216558,11.216558,11.216558
2023-03-07 00:00:00,0.039,0.011968,20.74571,1,0,3.510057,147.77485,90.616291,1.470483,1.471534,0.16129,0.016129,37.192394,166.384787,4.027941,9.59832,0.091822,0.114777,334.731543,9.39853,0.022955,16.638479,11.073644,11.073644,11.073644
2023-03-08 00:00:00,0.036,0.011964,20.664198,1,0,3.459325,146.590591,90.870586,1.51645,1.466426,0.16129,0.016129,35.941091,163.882183,4.058586,9.680038,0.081673,0.102091,323.469821,9.470033,0.020418,16.388218,10.930731,10.930731,10.930731
2023-03-09 00:00:00,0.031,0.011961,20.582685,1,0,3.408593,145.406331,91.124881,1.562416,1.461319,0.16129,0.016129,34.689789,161.379578,4.08923,9.761755,0.071524,0.089405,312.2081,9.541536,0.017881,16.137958,10.787817,10.787817,10.787817
2023-03-10 00:00:00,0.03,0.011957,20.501172,1,0,3.357861,144.222072,91.379176,1.608382,1.456212,0.16129,0.016129,33.438486,158.876973,4.119874,9.843473,0.061375,0.076719,300.946378,9.613039,0.015344,15.887697,10.644903,10.644903,10.644903
2023-03-11 00:00:00,0.035,0.011954,20.419659,1,0,3.307129,143.037812,91.633471,1.654348,1.451104,0.16129,0.016129,32.187184,156.374368,4.150518,9.925191,0.051226,0.064033,289.684656,9.684542,0.012807,15.637437,10.501989,10.501989,10.501989
2023-03-12 00:00:00,0.029,0.01195,20.338146,1,0,3.256397,141.853553,91.887766,1.700315,1.445997,0.16129,0.016129,30.935882,153.871763,4.181162,10.006908,0.041078,0.051347,278.422935,9.756045,0.010269,15.387176,10.359076,10.359076,10.359076
2023-03-13 00:00:00,0.03,0.011946,20.256634,1,0,3.205665,140.669293,92.142061,1.746281,1.440889,0.16129,0.016129,29.684579,151.369158,4.211806,10.088626,0.030929,0.038661,267.161213,9.827548,0.007732,15.136916,10.216162,10.216162,10.216162
2023-03-14 00:00:00,0.029,0.011943,20.175121,1,0,3.154933,139.485034,92.396355,1.792247,1.435782,0.16129,0.016129,28.433277,148.866554,4.24245,10.170344,0.02078,0.025975,255.899492,9.899051,0.005195,14.886655,10.073248,10.073248,10.073248
2023-03-15 00:00:00,0.033,0.011939,20.093608,1,0,3.104201,138.300774,93.270341,1.838213,1.430675,0.16129,0.016129,27.181974,146.363949,4.273095,10.252062,0.010631,0.013289,244.63777,9.970554,0.002658,14.636395,10.069655,10.069655,10.069655
2023-03-16 00:00:00,0.03,0.011938,19.974712,1,0,3.053469,139.935265,94.795885,1.827168,1.410586,0.16129,0.016129,26.666667,145.333333,4.231759,10.177804,0.006452,0.008065,240,9.874104,0.001613,14.533333,10.212548,10.212548,10.212548
2023-03-17 00:00:00,0.038,0.011939,19.82959,1,0,3.002737,143.547272,96.32143,1.776205,1.380009,0.16129,0.016129,26.666667,145.333333,4.140027,9.99434,0.006452,0.008065,240,9.660063,0.001613,14.533333,10.355441,10.355441,10.355441
2023-03-18 00:00:00,0.036,0.01194,19.684467,1,0,2.952005,147.15928,97.846975,1.725243,1.349432,0.16129,0.016129,26.666667,145.333333,4.048295,9.810875,0.006452,0.008065,240,9.446021,0.001613,14.533333,10.498333,10.498333,10.498333
2023-03-19 00:00:00,0.033,0.011941,19.539345,1,0,2.901273,150.771287,99.37252,1.674281,1.318854,0.16129,0.016129,26.666667,145.333333,3.956563,9.627411,0.006452,0.008065,240,9.23198,0.001613,14.533333,10.641226,10.641226,10.641226
2023-03-20 00:00:00,0.03,0.011942,19.394222,1,0,2.850541,154.383294,100.898065,1.623319,1.288277,0.16129,0.016129,26.666667,145.333333,3.864831,9.443947,0.006452,0.008065,240,9.017938,0.001613,14.533333,10.784119,10.784119,10.784119
2023-03-21 00:00:00,0.025,0.011943,19.2491,1,0,2.799809,157.995302,102.42361,1.572356,1.2577,0.16129,0.016129,26.666667,145.333333,3.773099,9.260483,0.006452,0.008065,240,8.803897,0.001613,14.533333,10.927011,10.927011,10.927011
2023-03-22 00:00:00,0.029,0.011944,19.103977,1,0,2.749077,161.607309,103.949154,1.521394,1.227122,0.16129,0.016129,26.666667,145.333333,3.681367,9.077019,0.006452,0.008065,240,8.589855,0.001613,14.533333,11.069904,11.069904,11.069904
2023-03-23 00:00:00,0.029,0.011944,18.958855,1,0,2.698345,165.219316,105.474699,1.470432,1.196545,0.16129,0.016129,26.666667,145.333333,3.589634,8.893555,0.006452,0.008065,240,8.375814,0.001613,14.533333,11.212797,11.212797,11.212797
2023-03-24 00:00:00,0.034,0.011945,18.813733,1,0,2.647613,168.831324,107.000244,1.41947,1.165967,0.16129,0.016129,26.666667,145.333333,3.497902,8.710091,0.006452,0.008065,240,8.161772,0.001613,14.533333,11.35569,11.35569,11.35569
2023-03-25 00:00:00,0.079,0.011946,18.66861,1,0,2.596881,172.443331,108.525789,1.368507,1.13539,0.16129,0.016129,26.666667,145.333333,3.40617,8.526626,0.006452,0.008065,240,7.947731,0.001613,14.533333,11.498582,11.498582,11.498582
2023-03-26 00:00:00,0.056,0.011947,18.523488,1,0,2.546149,176.055338,110.051334,1.317545,1.104813,0.16129,0.016129,26.666667,145.333333,3.314438,8.343162,0.006452,0.008065,240,7.733689,0.001613,14.533333,11.641475,11.641475,11.641475
2023-03-27 00:00:00,0.046,0.011948,18.378365,1,0,2.495417,179.667346,111.576879,1.266583,1.074235,0.16129,0.016129,26.666667,145.333333,3.222706,8.159698,0.006452,0.008065,240,7.519648,0.001613,14.533333,11.784368,11.784368,11.784368
2023-03-28 00:00:00,0.041,0.011949,18.233243,1,0,2.444685,183.279353,113.102424,1.215621,1.043658,0.16129,0.016129,26.666667,145.333333,3.130974,7.976234,0.006452,0.008065,240,7.305606,0.001613,14.533333,11.92726,11.92726,11.92726
2023-03-29 00:00:00,0.041,0.01195,18.08812,1,0,2.393953,186.89136,114.811119,1.164658,1.013081,0.16129,0.016129,26.666667,145.333333,3.039242,7.79277,0.006452,0.008065,240,7.091565,0.001613,14.533333,11.849393,11.849393,11.849393
2023-03-30 00:00:00,0.087,0.01195,18.028823,1,0,2.343221,188.59246,116.709718,1.15376,1.016355,0.16129,0.016129,26.571263,145.142526,3,7.687027,0.007929,0.009911,239.141366,7,0.001982,14.514253,11.542627,11.542627,11.542627
2023-03-31 00:00:00,0.989,0.01195,18.033758,1,0,2.292489,188.863396,118.608316,1.172815,1.044937,0.16129,0.016129,26.404534,144.809069,3,7.639391,0.01051,0.013138,237.64081,7,0.002628,14.480907,11.235861,11.235861,11.235861
2023-04-01 00:00:00,0.186,0.01195,18.038693,1,0,2.241757,189.134332,120.506915,1.19187,1.073519,0.16129,0.016129,26.237806,144.475612,3,7.591754,0.013092,0.016365,236.140254,7,0.003273,14.447561,10.929095,10.929095,10.929095
2023-04-02 00:00:00,0.088,0.011949,18.043628,1,0,2.191025,189.405268,122.405514,1.210924,1.102101,0.16129,0.016129,26.071078,144.142155,3,7.544117,0.015674,0.019592,234.639699,7,0.003918,14.414216,10.622329,10.622329,10.622329
2023-04-03 00:00:00,0.072,0.011949,18.048563,1,0,2.140293,189.676203,124.304112,1.229979,1.130683,0.16129,0.016129,25.904349,143.808698,3,7.496481,0.018255,0.022819,233.139143,7,0.004564,14.38087,10.315563,10.315563,10.315563
2023-04-04 00:00:00,0.084,0.011949,18.053499,1,0,2.089561,189.947139,126.202711,1.249034,1.159265,0.16129,0.016129,25.737621,143.475242,3,7.448844,0.020837,0.026046,231.638587,7,0.005209,14.347524,10.008797,10.008797,10.008797
2023-04-05 00:00:00,0.069,0.011949,18.058434,1,0,2.038829,190.218075,128.10131,1.268088,1.187847,0.16129,0.016129,25.570892,143.141785,3,7.401207,0.023418,0.029273,230.138031,7,0.005855,14.314178,9.702031,9.702031,9.702031
2023-04-06 00:00:00,0.058,0.011948,18.063369,1,0,1.988097,190.489011,129.999908,1.287143,1.216429,0.16129,0.016129,25.404164,142.808328,3,7.353571,0.026,0.0325,228.637476,7,0.0065,14.280833,9.395265,9.395265,9.395265
2023-04-07 00:00:00,0.062,0.011948,18.068304,1,0,1.937365,190.759946,131.898507,1.306198,1.245011,0.16129,0.016129,25.237436,142.474871,3,7.305934,0.028582,0.035727,227.13692,7,0.007145,14.247487,9.088499,9.088499,9.088499
2023-04-08 00:00:00,0.067,0.011948,18.073239,1,0,1.886633,191.030882,133.797106,1.325253,1.273593,0.16129,0.016129,25.070707,142.141414,3,7.258297,0.031163,0.038954,225.636364,7,0.007791,14.214141,8.781733,8.781733,8.781733
2023-04-09 00:00:00,0.073,0.011947,18.078175,1,0,1.835901,191.301818,135.695704,1.344307,1.302175,0.16129,0.016129,24.903979,141.807957,3,7.210661,0.033745,0.042181,224.135808,7,0.008436,14.180796,8.474967,8.474967,8.474967
2023-04-10 00:00:00,0.09,0.011947,18.08311,1,0,1.785169,191.572754,137.594303,1.363362,1.330757,0.16129,0.016129,24.73725,141.474501,3,7.163024,0.036326,0.045408,222.635253,7,0.009082,14.14745,8.1682,8.1682,8.1682
2023-04-11 00:00:00,0.108,0.011947,18.088045,1,0,1.734437,191.843689,139.492902,1.382417,1.359339,0.16129,0.016129,24.570522,141.141044,3,7.115387,0.038908,0.048635,221.134697,7,0.009727,14.114104,7.861434,7.861434,7.861434
2023-04-12 00:00:00,0.096,0.011946,18.09298,1,0,1.683704,192.114625,141.3915,1.401471,1.387921,0.16129,0.016129,24.403793,140.807587,3,7.067751,0.04149,0.051862,219.634141,7,0.010372,14.080759,7.554668,7.554668,7.554668
2023-04-13 00:00:00,0.096,0.011946,18.097915,1,0,1.632972,192.385561,143.229624,1.420526,1.416503,0.16129,0.016129,24.237065,140.47413,3,7.020114,0.044071,0.055089,218.133585,7,0.011018,14.047413,7.219661,7.219661,7.219661
2023-04-14 00:00:00,0.144,0.011946,18.017634,1,0,1.58224,194.481928,145.006252,1.430099,1.437399,0.16129,0.016129,24.647256,141.294513,3.044136,7.151476,0.046756,0.058445,221.825308,7.102984,0.011689,14.129451,6.855934,6.855934,6.855934
2023-04-15 00:00:00,0.112,0.011946,17.875038,1,0,1.531508,197.913151,146.782879,1.432744,1.452677,0.16129,0.016129,25.479063,142.958126,3.120526,7.413652,0.049516,0.061895,229.311569,7.281228,0.012379,14.295813,6.492208,6.492208,6.492208
2023-04-16 00:00:00,0.089,0.011947,17.732442,1,0,1.480776,201.344373,148.559507,1.435388,1.467955,0.16129,0.016129,26.31087,144.62174,3.196917,7.675828,0.052276,0.065345,236.797829,7.459472,0.013069,14.462174,6.128482,6.128482,6.128482
2023-04-17 00:00:00,0.082,0.011947,17.589845,1,0,1.430044,204.775596,150.336135,1.438033,1.483233,0.16129,0.016129,27.142677,146.285353,3.273307,7.938003,0.055036,0.068795,244.284089,7.637716,0.013759,14.628535,5.764755,5.764755,5.764755
2023-04-18 00:00:00,0.077,0.011947,17.447249,1,0,1.379312,208.206818,152.112762,1.440677,1.498511,0.16129,0.016129,27.974483,147.948967,3.349697,8.200179,0.057796,0.072244,251.77035,7.815961,0.014449,14.794897,5.401029,5.401029,5.401029
2023-04-19 00:00:00,0.073,0.011948,17.304653,1,0,1.32858,211.63804,153.88939,1.443321,1.513789,0.16129,0.016129,28.80629,149.61258,3.426088,8.462355,0.060555,0.075694,259.25661,7.994205,0.015139,14.961258,5.037302,5.037302,5.037302
2023-04-20 00:00:00,0.071,0.011948,17.162057,1,0,1.277848,215.069263,155.666017,1.445966,1.529067,0.16129,0.016129,29.638097,151.276193,3.502478,8.72453,0.063315,0.079144,266.74287,8.172449,0.015829,15.127619,4.673576,4.673576,4.673576
2023-04-21 00:00:00,0.064,0.011948,17.01946,1,0,1.227116,218.500485,157.442645,1.44861,1.544345,0.16129,0.016129,30.469903,152.939807,3.578869,8.986706,0.066075,0.082594,274.229131,8.350694,0.016519,15.293981,4.309849,4.309849,4.309849
2023-04-22 00:00:00,0.066,0.011949,16.876864,1,0,1.176384,221.931708,159.219272,1.451255,1.559623,0.16129,0.016129,31.30171,154.60342,3.655259,9.248882,0.068835,0.086044,281.715391,8.528938,0.017209,15.460342,3.946123,3.946123,3.946123
2023-04-23 00:00:00,0.065,0.011949,16.734268,1,0,1.125652,225.36293,160.9959,1.453899,1.574901,0.16129,0.016129,32.133517,156.267034,3.73165,9.511057,0.071595,0.089494,289.201651,8.707182,0.017899,15.626703,3.582397,3.582397,3.582397
2023-04-24 00:00:00,0.083,0.011949,16.591672,1,0,1.07492,228.794153,162.772527,1.456543,1.590179,0.16129,0.016129,32.965324,157.930647,3.80804,9.773233,0.074355,0.092944,296.687912,8.885426,0.018589,15.793065,3.21867,3.21867,3.21867
2023-04-25 00:00:00,0.106,0.01195,16.449075,1,0,1.024188,232.225375,164.549155,1.459188,1.605457,0.16129,0.016129,33.79713,159.59426,3.88443,10.035409,0.077115,0.096394,304.174172,9.063671,0.019279,15.959426,2.854944,2.854944,2.854944
2023-04-26 00:00:00,0.311,0.01195,16.306479,1,0,0.973456,235.656598,166.325782,1.461832,1.620736,0.16129,0.016129,34.628937,161.257874,3.960821,10.297584,0.079875,0.099844,311.660432,9.241915,0.019969,16.125787,2.491217,2.491217,2.491217
2023-04-27 00:00:00,0.15,0.01195,16.163883,1,0,0.922724,239.08782,167.129925,1.464477,1.636014,0.16129,0.016129,35.460744,162.921487,4.037211,10.55976,0.082635,0.103293,319.146693,9.420159,0.020659,16.292149,2.653963,2.653963,2.653963
2023-04-28 00:00:00,0.126,0.011951,16.114155,1,0,0.9,239.549005,166.856119,1.467121,1.673225,0.16129,0.016129,35.443615,162.88723,4.025877,10.630185,0.081677,0.102096,318.992533,9.393713,0.020419,16.288723,3.400276,3.400276,3.400276
2023-04-29 00:00:00,0.094,0.011951,16.139799,1,0,0.9,237.599746,166.582313,1.469765,1.728232,0.16129,0.016129,34.737695,161.475389,3.943367,10.54503,0.077702,0.097127,312.639252,9.201189,0.019425,16.147539,4.146588,4.146588,4.146588
2023-04-30 00:00:00,0.082,0.011951,16.165442,1,0,0.9,235.650487,166.308508,1.47241,1.783238,0.16129,0.016129,34.031775,160.063549,3.860857,10.459875,0.073727,0.092159,306.285971,9.008666,0.018432,16.006355,4.892901,4.892901,4.892901
2023-05-01 00:00:00,0.076,0.011951,16.191086,1,0,0.9,233.701229,166.034702,1.475054,1.838245,0.16129,0.016129,33.325854,158.651709,3.778347,10.374721,0.069753,0.087191,299.93269,8.816142,0.017438,15.865171,5.639214,5.639214,5.639214
2023-05-02 00:00:00,0.073,0.011951,16.21673,1,0,0.9,231.75197,165.760896,1.477699,1.893252,0.16129,0.016129,32.619934,157.239869,3.695836,10.289566,0.065778,0.082222,293.579409,8.623618,0.016444,15.723987,6.385526,6.385526,6.385526
2023-05-03 00:00:00,0.069,0.011951,16.242373,1,0,0.9,229.802711,165.48709,1.480343,1.948259,0.16129,0.016129,31.914014,155.828029,3.613326,10.204412,0.061803,0.077254,287.226128,8.431095,0.015451,15.582803,7.131839,7.131839,7.131839
2023-05-04 00:00:00,0.068,0.011951,16.268017,1,0,0.9,227.853453,165.213284,1.482988,2.003265,0.16129,0.016129,31.208094,154.416188,3.530816,10.119257,0.057829,0.072286,280.872847,8.238571,0.014457,15.441619,7.878152,7.878152,7.878152
2023-05-05 00:00:00,0.065,0.011951,16.29366,1,0,0.9,225.904194,164.939478,1.485632,2.058272,0.16129,0.016129,30.502174,153.004348,3.448306,10.034103,0.053854,0.067317,274.519567,8.046047,0.013463,15.300435,8.624464,8.624464,8.624464
2023-05-06 00:00:00,0.067,0.011951,16.319304,1,0,0.9,223.954935,164.665672,1.488276,2.113279,0.16129,0.016129,29.796254,151.592508,3.365796,9.948948,0.049879,0.062349,268.166286,7.853524,0.01247,15.159251,9.370777,9.370777,9.370777
2023-05-07 00:00:00,0.076,0.011951,16.344948,1,0,0.9,222.005677,164.391867,1.490921,2.168286,0.16129,0.016129,29.090334,150.180668,3.283286,9.863794,0.045905,0.057381,261.813005,7.661,0.011476,15.018067,10.117089,10.117089,10.117089
2023-05-08 00:00:00,0.084,0.011951,16.370591,1,0,0.9,220.056418,164.118061,1.493565,2.223292,0.16129,0.016129,28.384414,148.768828,3.200776,9.778639,0.04193,0.052412,255.459724,7.468476,0.010482,14.876883,10.863402,10.863402,10.863402
2023-05-09 00:00:00,0.107,0.011951,16.396235,1,0,0.9,218.107159,163.844255,1.49621,2.278299,0.16129,0.016129,27.678494,147.356987,3.118265,9.693484,0.037955,0.047444,249.106443,7.275953,0.009489,14.735699,11.609715,11.609715,11.609715
2023-05-10 00:00:00,0.132,0.011951,16.421878,1,0,0.9,216.157901,163.214809,1.498854,2.333306,0.16129,0.016129,26.972574,145.945147,3.035755,9.60833,0.03398,0.042476,242.753162,7.083429,0.008495,14.594515,11.726723,11.726723,11.726723
2023-05-11 00:00:00,0.143,0.011952,16.435718,1,0,1.00961,215.223752,162.195504,1.520298,2.725408,0.174386,0.017439,27.44476,146.88952,3.147886,9.904897,0.037496,0.04687,247.002842,7.345068,0.009374,14.688952,11.153873,11.153873,11.153873
2023-05-12 00:00:00,0.093,0.011954,16.440518,1,0,1.203043,215.067034,161.176198,1.556119,3.375302,0.197496,0.01975,28.817895,149.635789,3.408867,10.493383,0.04674,0.058425,259.361051,7.954023,0.011685,14.963579,10.581023,10.581023,10.581023
2023-05-13 00:00:00,0.143,0.011956,16.445318,1,0,1.396475,214.910317,160.156892,1.59194,4.025195,0.220606,0.022061,30.191029,152.382058,3.669848,11.08187,0.055984,0.069981,271.71926,8.562978,0.013996,15.238206,10.008173,10.008173,10.008173
2023-05-14 00:00:00,0.108,0.011959,16.450118,1,0,1.589908,214.7536,159.137586,1.627761,4.675088,0.243717,0.024372,31.564163,155.128326,3.930829,11.670356,0.065229,0.081536,284.077469,9.171933,0.016307,15.512833,9.435324,9.435324,9.435324
2023-05-15 00:00:00,0.088,0.011961,16.454918,1,0,1.783341,214.596882,158.118281,1.663582,5.324982,0.266827,0.026683,32.937298,157.874595,4.191809,12.258842,0.074473,0.093091,296.435678,9.780888,0.018618,15.78746,8.862474,8.862474,8.862474
2023-05-16 00:00:00,0.086,0.011963,16.459718,1,0,1.976774,214.440165,157.098975,1.699403,5.974875,0.289937,0.028994,34.310432,160.620864,4.45279,12.847328,0.083717,0.104646,308.793887,10.389844,0.020929,16.062086,8.289624,8.289624,8.289624
2023-05-17 00:00:00,0.076,0.011966,16.464518,1,0,2.170207,214.283448,156.079669,1.735223,6.624769,0.313047,0.031305,35.683566,163.367132,4.713771,13.435814,0.092961,0.116201,321.152096,10.998799,0.02324,16.336713,7.716774,7.716774,7.716774
2023-05-18 00:00:00,0.07,0.011968,16.469318,1,0,2.36364,214.12673,155.060364,1.771044,7.274662,0.336158,0.033616,37.056701,166.113401,4.974752,14.0243,0.102205,0.127756,333.510305,11.607754,0.025551,16.61134,7.143924,7.143924,7.143924
2023-05-19 00:00:00,0.066,0.01197,16.474118,1,0,2.557072,213.970013,154.041058,1.806865,7.924555,0.359268,0.035927,38.429835,168.85967,5.235733,14.612786,0.111449,0.139311,345.868514,12.216709,0.027862,16.885967,6.571075,6.571075,6.571075
2023-05-20 00:00:00,0.063,0.011972,16.478918,1,0,2.750505,213.813296,153.021752,1.842686,8.574449,0.382378,0.038238,39.802969,171.605938,5.496713,15.201273,0.120693,0.150867,358.226723,12.825665,0.030173,17.160594,5.998225,5.998225,5.998225
2023-05-21 00:00:00,0.066,0.011975,16.483719,1,0,2.943938,213.656578,152.002447,1.878507,9.224342,0.405488,0.040549,41.176104,174.352207,5.757694,15.789759,0.129937,0.162422,370.584932,13.43462,0.032484,17.435221,5.425375,5.425375,5.425375
2023-05-22 00:00:00,0.068,0.011977,16.488519,1,0,3.137371,213.499861,150.983141,1.914328,9.874236,0.428599,0.04286,42.549238,177.098476,6.018675,16.378245,0.139181,0.173977,382.943141,14.043575,0.034795,17.709848,4.852525,4.852525,4.852525
2023-05-23 00:00:00,0.074,0.011979,16.493319,1,0,3.330804,213.343144,149.963835,1.950149,10.524129,0.451709,0.045171,43.922372,179.844744,6.279656,16.966731,0.148426,0.185532,395.30135,14.65253,0.037106,17.984474,4.279675,4.279675,4.279675
2023-05-24 00:00:00,0.202,0.011981,16.498119,1,0,3.524237,213.186426,147.161892,1.98597,11.174022,0.474819,0.047482,45.295506,182.591013,6.540637,17.555217,0.15767,0.197087,407.659558,15.261485,0.039417,18.259101,3.948881,3.948881,3.948881
2023-05-25 00:00:00,0.121,0.01198,16.336294,1,0,3.745653,215.867426,142.659393,2.01734,12.873545,0.481261,0.048126,46.642518,185.285037,6.634187,17.690346,0.159829,0.199786,419.782666,15.47977,0.039957,18.528504,3.848997,3.848997,3.848997
2023-05-26 00:00:00,0.093,0.011976,16.067059,1,0,3.985088,220.37767,138.156894,2.045844,15.248889,0.47697,0.047697,47.972711,187.945422,6.619935,17.533573,0.157426,0.196782,431.754399,15.446516,0.039356,18.794542,3.749112,3.749112,3.749112
2023-05-27 00:00:00,0.083,0.011972,15.797825,1,0,4.224523,224.887913,133.654394,2.074348,17.624233,0.472679,0.047268,49.302904,190.605807,6.605683,17.376801,0.155023,0.193778,443.726133,15.413261,0.038756,19.060581,3.649228,3.649228,3.649228
2023-05-28 00:00:00,0.083,0.011968,15.52859,1,0,4.463957,229.398156,129.151895,2.102852,19.999577,0.468388,0.046839,50.633096,193.266192,6.591431,17.220028,0.15262,0.190775,455.697866,15.380006,0.038155,19.326619,3.549343,3.549343,3.549343
2023-05-29 00:00:00,0.082,0.011964,15.259356,1,0,4.703392,233.9084,124.649396,2.131356,22.374921,0.464097,0.04641,51.963289,195.926578,6.577179,17.063255,0.150217,0.187771,467.6696,15.346751,0.037554,19.592658,3.449459,3.449459,3.449459
2023-05-30 00:00:00,0.086,0.01196,14.990121,1,0,4.942827,238.418643,120.146896,2.15986,24.750264,0.459806,0.045981,53.293481,198.586963,6.562927,16.906483,0.147814,0.184767,479.641333,15.313496,0.036953,19.858696,3.349575,3.349575,3.349575
2023-05-31 00:00:00,0.162,0.011956,14.720887,1,0,5.182261,242.928886,115.644397,2.188364,27.125608,0.455515,0.045552,54.623674,201.247348,6.548675,16.74971,0.145411,0.181764,491.613066,15.280241,0.036353,20.124735,3.24969,3.24969,3.24969
2023-06-01 00:00:00,0.153,0.011952,14.451652,1,0,5.421696,247.439129,111.141898,2.216869,29.500952,0.451224,0.045122,55.953867,203.907733,6.534423,16.592937,0.143008,0.17876,503.5848,15.246987,0.035752,20.390773,3.149806,3.149806,3.149806
2023-06-02 00:00:00,0.074,0.011948,14.182418,1,0,5.661131,251.949373,106.639398,2.245373,31.876296,0.446933,0.044693,57.284059,206.568118,6.520171,16.436164,0.140605,0.175756,515.556533,15.213732,0.035151,20.656812,3.049921,3.049921,3.049921
2023-06-03 00:00:00,0.046,0.011944,13.913183,1,0,5.900565,256.459616,102.136899,2.273877,34.25164,0.442642,0.044264,58.614252,209.228504,6.505919,16.279392,0.138202,0.172753,527.528267,15.180477,0.034551,20.92285,2.950037,2.950037,2.950037
2023-06-04 00:00:00,1.07,0.01194,13.643949,1,0,6.14,260.969859,97.6344,2.302381,36.626984,0.438351,0.043835,59.944444,211.888889,6.491667,16.122619,0.135799,0.169749,539.5,15.147222,0.03395,21.188889,2.850153,2.850153,2.850153
2023-06-05 00:00:00,3.11,0.011936,13.374714,1,0,6.379435,265.480103,93.1319,2.330885,39.002328,0.43406,0.043406,61.274637,214.549274,6.477415,15.965846,0.133396,0.166745,551.471733,15.113967,0.033349,21.454927,2.750268,2.750268,2.750268
2023-06-06 00:00:00,2.549,0.011932,13.10548,1,0,6.618869,269.990346,88.629401,2.359389,41.377672,0.429769,0.042977,62.60483,217.209659,6.463163,15.809074,0.130993,0.163742,563.443467,15.080713,0.032748,21.720966,2.650384,2.650384,2.650384
2023-06-07 00:00:00,1.143,0.011928,12.836245,1,0,6.858304,274.500589,84.126902,2.387893,43.753016,0.425478,0.042548,63.935022,219.870044,6.44891,15.652301,0.12859,0.160738,575.4152,15.047458,0.032148,21.987004,2.550499,2.550499,2.550499
2023-06-08 00:00:00,0.53,0.011924,12.56701,1,0,7.097739,279.010833,84.829115,2.416397,46.12836,0.421187,0.042119,65.265215,222.53043,6.434658,15.495528,0.126188,0.157734,587.386934,15.014203,0.031547,22.253043,2.46576,2.46576,2.46576
2023-06-09 00:00:00,0.37,0.011924,12.427697,1,0,7.001845,281.350261,90.853493,2.359375,46.136358,0.407991,0.040799,64.915951,221.831903,6.390828,15.378246,0.12732,0.15915,584.243562,14.911931,0.03183,22.18319,2.396507,2.396507,2.396507
2023-06-10 00:00:00,0.783,0.011927,12.385269,1,0,6.655969,282.070834,96.877871,2.238592,44.379524,0.388156,0.038816,63.31467,218.629341,6.324946,15.290405,0.131089,0.163861,569.832032,14.758208,0.032772,21.862934,2.327254,2.327254,2.327254
2023-06-11 00:00:00,0.844,0.011931,12.342842,1,0,6.310092,282.791407,102.902249,2.11781,42.62269,0.368321,0.036832,61.713389,215.426778,6.259065,15.202563,0.134858,0.168572,555.420503,14.604485,0.033714,21.542678,2.258001,2.258001,2.258001
2023-06-12 00:00:00,0.457,0.011934,12.300415,1,0,5.964215,283.511979,108.926627,1.997028,40.865856,0.348485,0.034849,60.112108,212.224216,6.193184,15.114721,0.138626,0.173283,541.008974,14.450762,0.034657,21.222422,2.188748,2.188748,2.188748
2023-06-13 00:00:00,0.392,0.011937,12.257987,1,0,5.618339,284.232552,114.951006,1.876245,39.109022,0.32865,0.032865,58.510827,209.021654,6.127303,15.02688,0.142395,0.177994,526.597445,14.297039,0.035599,20.902165,2.119495,2.119495,2.119495
2023-06-14 00:00:00,0.535,0.011941,12.21556,1,0,5.272462,284.953124,120.975384,1.755463,37.352188,0.308815,0.030882,56.909546,205.819092,6.061421,14.939038,0.146164,0.182705,512.185915,14.143316,0.036541,20.581909,2.050242,2.050242,2.050242
2023-06-15 00:00:00,0.407,0.011944,12.173133,1,0,4.926585,285.673697,126.999762,1.634681,35.595354,0.28898,0.028898,55.308265,202.61653,5.99554,14.851196,0.149933,0.187416,497.774386,13.989593,0.037483,20.261653,1.980989,1.980989,1.980989
2023-06-16 00:00:00,0.464,0.011947,12.130705,1,0,4.580709,286.39427,133.02414,1.513898,33.83852,0.269145,0.026914,53.706984,199.413968,5.929659,14.763355,0.153701,0.192127,483.362857,13.83587,0.038425,19.941397,1.911736,1.911736,1.911736
2023-06-17 00:00:00,0.389,0.011951,12.088278,1,0,4.234832,287.114842,139.048518,1.393116,32.081686,0.249309,0.024931,52.105703,196.211406,5.863777,14.675513,0.15747,0.196837,468.951328,13.682147,0.039367,19.621141,1.842483,1.842483,1.842483
2023-06-18 00:00:00,0.291,0.011954,12.045851,1,0,3.888955,287.835415,145.072897,1.272334,30.324852,0.229474,0.022947,50.504422,193.008844,5.797896,14.587671,0.161239,0.201548,454.539799,13.528425,0.04031,19.300884,1.77323,1.77323,1.77323
2023-06-19 00:00:00,0.289,0.011957,12.003423,1,0,3.543078,288.555987,151.097275,1.151551,28.568018,0.209639,0.020964,48.903141,189.806282,5.732015,14.499829,0.165007,0.206259,440.128269,13.374702,0.041252,18.980628,1.703977,1.703977,1.703977
2023-06-20 00:00:00,0.501,0.011961,11.960996,1,0,3.197202,289.27656,157.121653,1.030769,26.811184,0.189804,0.01898,47.30186,186.60372,5.666134,14.411988,0.168776,0.21097,425.71674,13.220979,0.042194,18.660372,1.634724,1.634724,1.634724
2023-06-21 00:00:00,0.446,0.011964,11.918569,1,0,2.851325,289.997133,158.878041,0.909987,25.05435,0.169968,0.016997,45.700579,183.401158,5.600252,14.324146,0.172545,0.215681,411.305211,13.067256,0.043136,18.340116,1.578684,1.578684,1.578684
2023-06-22 00:00:00,0.361,0.011966,11.911571,1,0,2.808507,290.33761,156.342264,0.871496,24.257009,0.171661,0.017166,46.875427,185.750853,5.605875,14.323031,0.177409,0.221761,421.878839,13.080375,0.044352,18.575085,1.535931,1.535931,1.535931
2023-06-23 00:00:00,0.507,0.011968,11.932147,1,0,3.001412,290.382263,153.806488,0.897012,24.205976,0.190099,0.01901,50.209587,192.419174,5.667115,14.389374,0.183124,0.228905,451.886281,13.223268,0.045781,19.241917,1.493177,1.493177,1.493177
2023-06-24 00:00:00,0.407,0.01197,11.952723,1,0,3.194317,290.426916,151.270711,0.922529,24.154943,0.208537,0.020854,53.543747,199.087494,5.728355,14.455717,0.18884,0.23605,481.893724,13.366161,0.04721,19.908749,1.450424,1.450424,1.450424
2023-06-25 00:00:00,0.326,0.011971,11.973299,1,0,3.387222,290.47157,148.734935,0.948045,24.10391,0.226975,0.022697,56.877907,205.755815,5.789594,14.52206,0.194556,0.243195,511.901166,13.509053,0.048639,20.575581,1.407671,1.407671,1.407671
2023-06-26 00:00:00,0.36,0.011973,11.993875,1,0,3.580127,290.516223,146.199158,0.973562,24.052877,0.245412,0.024541,60.212068,212.424135,5.850834,14.588403,0.200271,0.250339,541.908608,13.651946,0.050068,21.242414,1.364918,1.364918,1.364918
2023-06-27 00:00:00,0.287,0.011975,12.014452,1,0,3.773032,290.560876,143.663381,0.999078,24.001843,0.26385,0.026385,63.546228,219.092456,5.912074,14.654746,0.205987,0.257484,571.916051,13.794838,0.051497,21.909246,1.322165,1.322165,1.322165
2023-06-28 00:00:00,0.207,0.011976,12.035028,1,0,3.965937,290.605529,141.127605,1.024595,23.95081,0.282288,0.028229,66.880388,225.760776,5.973313,14.721089,0.211703,0.264628,601.923493,13.937731,0.052926,22.576078,1.279411,1.279411,1.279411
2023-06-29 00:00:00,0.188,0.011978,12.055604,1,0,4.158842,290.650182,138.591828,1.050111,23.899777,0.300726,0.030073,70.214548,232.429097,6.034553,14.787432,0.217418,0.271773,631.930935,14.080624,0.054355,23.24291,1.236658,1.236658,1.236658
2023-06-30 00:00:00,0.211,0.01198,12.07618,1,0,4.351747,290.694835,136.056052,1.075628,23.848744,0.319163,0.031916,73.548709,239.097417,6.095793,14.853775,0.223134,0.278918,661.938378,14.223516,0.055784,23.909742,1.193905,1.193905,1.193905
2023-07-01 00:00:00,0.158,0.011981,12.096756,1,0,4.544652,290.739489,133.520275,1.101144,23.797711,0.337601,0.03376,76.882869,245.765738,6.157032,14.920118,0.22885,0.286062,691.94582,14.366409,0.057212,24.576574,1.151152,1.151152,1.151152
2023-07-02 00:00:00,0.165,0.011983,12.117333,1,0,4.737557,290.784142,130.984498,1.126661,23.746678,0.356039,0.035604,80.217029,252.434058,6.218272,14.986461,0.234566,0.293207,721.953262,14.509301,0.058641,25.243406,1.108399,1.108399,1.108399
2023-07-03 00:00:00,0.246,0.011985,12.137909,1,0,4.930462,290.828795,128.448722,1.152177,23.695645,0.374477,0.037448,83.551189,259.102379,6.279512,15.052804,0.240281,0.300352,751.960705,14.652194,0.06007,25.910238,1.065645,1.065645,1.065645
2023-07-04 00:00:00,0.559,0.011986,12.158485,1,0,5.123367,290.873448,125.912945,1.177694,23.644612,0.392914,0.039291,86.88535,265.770699,6.340751,15.119147,0.245997,0.307496,781.968147,14.795086,0.061499,26.57707,1.022892,1.022892,1.022892
2023-07-05 00:00:00,0.596,0.011988,12.179061,1,0,5.316272,290.918101,125.974511,1.203211,23.593579,0.411352,0.041135,90.21951,272.43902,6.401991,15.18549,0.251713,0.314641,811.975589,14.937979,0.062928,27.243902,0.993353,0.993353,0.993353
2023-07-06 00:00:00,0.493,0.011988,12.22474,1,0,6.815014,290.824198,129.029846,1.335227,23.542633,0.415454,0.041545,89.953331,271.906662,6.402655,15.752763,0.272036,0.340045,809.57998,14.939529,0.068009,27.190666,0.979044,0.979044,0.979044
2023-07-07 00:00:00,0.416,0.011988,12.289702,1,0,9.315211,290.623864,132.08518,1.548919,23.491754,0.40856,0.040856,86.926026,265.852052,6.356864,16.704201,0.303561,0.379451,782.334234,14.832683,0.07589,26.585205,0.964734,0.964734,0.964734
2023-07-08 00:00:00,0.38,0.011987,12.354663,1,0,11.815409,290.423531,135.140514,1.762611,23.440875,0.401667,0.040167,83.898721,259.797442,6.311073,17.65564,0.335086,0.418858,755.088488,14.725837,0.083772,25.979744,0.950425,0.950425,0.950425
2023-07-09 00:00:00,0.364,0.011987,12.419625,1,0,14.315607,290.223197,138.195849,1.976303,23.389996,0.394774,0.039477,80.871416,253.742832,6.265282,18.607079,0.366612,0.458265,727.842742,14.618991,0.091653,25.374283,0.936116,0.936116,0.936116
2023-07-10 00:00:00,0.308,0.011987,12.484586,1,0,16.815805,290.022864,141.251183,2.189996,23.339117,0.38788,0.038788,77.844111,247.688221,6.219491,19.558518,0.398137,0.497671,700.596996,14.512145,0.099534,24.768822,0.921807,0.921807,0.921807
2023-07-11 00:00:00,0.279,0.011986,12.549548,1,0,19.316003,289.82253,144.306517,2.403688,23.288238,0.380987,0.038099,74.816806,241.633611,6.1737,20.509956,0.429662,0.537078,673.35125,14.405299,0.107416,24.163361,0.907498,0.907498,0.907498
2023-07-12 00:00:00,0.254,0.011986,12.614509,1,0,21.816201,289.622197,147.361851,2.61738,23.237359,0.374094,0.037409,71.7895,235.579001,6.127908,21.461395,0.461188,0.576485,646.105504,14.298453,0.115297,23.5579,0.893189,0.893189,0.893189
2023-07-13 00:00:00,0.355,0.011985,12.679471,1,0,24.316399,289.421863,150.417186,2.831072,23.186479,0.3672,0.03672,68.762195,229.524391,6.082117,22.412834,0.492713,0.615891,618.859758,14.191607,0.123178,22.952439,0.87888,0.87888,0.87888
2023-07-14 00:00:00,0.284,0.011985,12.744432,1,0,26.816597,289.221529,153.47252,3.044764,23.1356,0.360307,0.036031,65.73489,223.469781,6.036326,23.364273,0.524238,0.655298,591.614012,14.084761,0.13106,22.346978,0.86457,0.86457,0.86457
2023-07-15 00:00:00,0.256,0.011984,12.809394,1,0,29.316794,289.021196,156.527854,3.258456,23.084721,0.353414,0.035341,62.707585,217.41517,5.990535,24.315711,0.555764,0.694705,564.368266,13.977915,0.138941,21.741517,0.850261,0.850261,0.850261
2023-07-16 00:00:00,0.216,0.011984,12.874355,1,0,31.816992,288.820862,159.583188,3.472148,23.033842,0.346521,0.034652,59.68028,211.36056,5.944744,25.26715,0.587289,0.734111,537.122521,13.871069,0.146822,21.136056,0.835952,0.835952,0.835952
2023-07-17 00:00:00,0.202,0.011983,12.939317,1,0,34.31719,288.620529,162.638523,3.68584,22.982963,0.339627,0.033963,56.652975,205.30595,5.898953,26.218589,0.618814,0.773518,509.876775,13.764223,0.154704,20.530595,0.821643,0.821643,0.821643
2023-07-18 00:00:00,0.263,0.011983,13.004278,1,0,36.817388,288.420195,165.693857,3.899533,22.932084,0.332734,0.033273,53.62567,199.25134,5.853161,27.170028,0.65034,0.812925,482.631029,13.657377,0.162585,19.925134,0.807334,0.807334,0.807334
2023-07-19 00:00:00,1.208,0.011983,13.06924,1,0,39.317586,288.219862,167.135879,4.113225,22.881205,0.325841,0.032584,50.598365,193.196729,5.80737,28.121466,0.681865,0.852331,455.385283,13.550531,0.170466,19.319673,0.810445,0.810445,0.810445
2023-07-20 00:00:00,0.739,0.011982,13.131262,1,0,39.139273,287.735643,166.881697,4.12519,22.992136,0.328051,0.032805,48.820185,189.64037,5.729017,27.961261,0.670957,0.838696,439.381667,13.367707,0.167739,18.964037,0.831873,0.831873,0.831873
2023-07-21 00:00:00,0.677,0.01198,13.190641,1,0,36.5576,286.996097,166.627516,3.956152,23.248254,0.33843,0.033843,48.162815,188.325629,5.621448,26.803606,0.621974,0.777468,433.465332,13.116711,0.155494,18.832563,0.8533,0.8533,0.8533
2023-07-22 00:00:00,0.553,0.011978,13.250019,1,0,33.975926,286.256552,166.373334,3.787114,23.504372,0.348809,0.034881,47.505444,187.010888,5.513878,25.645951,0.572992,0.716239,427.548998,12.865715,0.143248,18.701089,0.874728,0.874728,0.874728
2023-07-23 00:00:00,0.433,0.011977,13.309398,1,0,31.394253,285.517006,166.119152,3.618076,23.760491,0.359188,0.035919,46.848074,185.696147,5.406308,24.488296,0.524009,0.655011,421.632663,12.614719,0.131002,18.569615,0.896155,0.896155,0.896155
2023-07-24 00:00:00,0.357,0.011975,13.368777,1,0,28.81258,284.777461,165.864971,3.449038,24.016609,0.369567,0.036957,46.190703,184.381406,5.298738,23.330641,0.475026,0.593783,415.716328,12.363723,0.118757,18.438141,0.917583,0.917583,0.917583
2023-07-25 00:00:00,0.336,0.011974,13.428156,1,0,26.230906,284.037915,165.610789,3.28,24.272728,0.379946,0.037995,45.533333,183.066665,5.191169,22.172986,0.426044,0.532555,409.799994,12.112727,0.106511,18.306667,0.93901,0.93901,0.93901
2023-07-26 00:00:00,1.069,0.011972,13.487535,1,0,23.649233,283.29837,165.356608,3.110962,24.528846,0.390325,0.039032,44.875962,181.751924,5.083599,21.015331,0.377061,0.471326,403.883659,11.861731,0.094265,18.175192,0.960438,0.960438,0.960438
2023-07-27 00:00:00,1.053,0.01197,13.546913,1,0,21.06756,282.558824,165.102426,2.941924,24.784964,0.400704,0.04007,44.218592,180.437183,4.976029,19.857676,0.328078,0.410098,397.967324,11.610735,0.08202,18.043718,0.981865,0.981865,0.981865
2023-07-28 00:00:00,0.787,0.011969,13.606292,1,0,18.485886,281.819279,164.848244,2.772885,25.041083,0.411083,0.041108,43.561221,179.122442,4.86846,18.700021,0.279096,0.34887,392.05099,11.359739,0.069774,17.912244,1.003293,1.003293,1.003293
2023-07-29 00:00:00,0.753,0.011967,13.665671,1,0,15.904213,281.079733,164.594063,2.603847,25.297201,0.421462,0.042146,42.903851,177.807701,4.76089,17.542365,0.230113,0.287641,386.134655,11.108743,0.057528,17.78077,1.02472,1.02472,1.02472
2023-07-30 00:00:00,0.765,0.011966,13.72505,1,0,13.32254,280.340188,164.339881,2.434809,25.553319,0.431841,0.043184,42.24648,176.49296,4.65332,16.38471,0.181131,0.226413,380.21832,10.857747,0.045283,17.649296,1.046148,1.046148,1.046148
2023-07-31 00:00:00,0.678,0.011964,13.784428,1,0,10.740867,279.600642,164.0857,2.265771,25.809438,0.44222,0.044222,41.58911,175.178219,4.54575,15.227055,0.132148,0.165185,374.301986,10.606751,0.033037,17.517822,1.067576,1.067576,1.067576
2023-08-01 00:00:00,0.538,0.011962,13.843807,1,0,8.159193,278.861097,163.831518,2.096733,26.065556,0.452599,0.04526,40.931739,173.863478,4.438181,14.0694,0.083165,0.103957,368.385651,10.355755,0.020791,17.386348,1.089003,1.089003,1.089003
2023-08-02 00:00:00,0.586,0.011961,13.903186,1,0,5.57752,278.121551,163.082105,1.927695,26.321675,0.462978,0.046298,40.274368,172.548737,4.330611,12.911745,0.034183,0.042728,362.469316,10.104759,0.008546,17.254874,1.106957,1.106957,1.106957
2023-08-03 00:00:00,0.671,0.011963,13.90194,1,0,7.303533,277.968114,161.810566,1.928344,26.695575,0.473357,0.047336,42.145914,176.291829,4.499317,13.864455,0.055559,0.069449,379.31323,10.498406,0.01389,17.629183,1.121249,1.121249,1.121249
2023-08-04 00:00:00,0.47,0.011967,13.857171,1,0,12.115415,278.235442,160.539028,2.05055,27.153849,0.483736,0.048374,45.829083,183.658166,4.865936,16.328953,0.127339,0.159174,412.461745,11.353851,0.031835,18.365817,1.135541,1.135541,1.135541
2023-08-05 00:00:00,0.409,0.011971,13.812403,1,0,16.927296,278.50277,159.267489,2.172757,27.612123,0.494114,0.049411,49.512251,191.024502,5.232556,18.793451,0.199118,0.248898,445.61026,12.209297,0.04978,19.10245,1.149833,1.149833,1.149833
2023-08-06 00:00:00,0.367,0.011975,13.767634,1,0,21.739177,278.770098,157.99595,2.294963,28.070398,0.504493,0.050449,53.195419,198.390839,5.599175,21.257949,0.270898,0.338622,478.758775,13.064743,0.067724,19.839084,1.164126,1.164126,1.164126
2023-08-07 00:00:00,0.33,0.011979,13.722866,1,0,26.551058,279.037427,156.724412,2.41717,28.528672,0.514872,0.051487,56.878588,205.757175,5.965795,23.722447,0.342677,0.428347,511.90729,13.920188,0.085669,20.575718,1.178418,1.178418,1.178418
2023-08-08 00:00:00,0.516,0.011983,13.678097,1,0,31.362939,279.304755,155.452873,2.539376,28.986947,0.525251,0.052525,60.561756,213.123512,6.332414,26.186945,0.414457,0.518071,545.055804,14.775634,0.103614,21.312351,1.19271,1.19271,1.19271
2023-08-09 00:00:00,0.454,0.011987,13.633328,1,0,36.174821,279.572083,154.181334,2.661583,29.445221,0.53563,0.053563,64.244924,220.489849,6.699034,28.651442,0.486236,0.607795,578.204319,15.631079,0.121559,22.048985,1.207002,1.207002,1.207002
2023-08-10 00:00:00,0.428,0.011991,13.58856,1,0,40.986702,279.839411,152.909796,2.783789,29.903495,0.546009,0.054601,67.928093,227.856185,7.065653,31.11594,0.558016,0.69752,611.352834,16.486525,0.139504,22.785619,1.221294,1.221294,1.221294
2023-08-11 00:00:00,0.472,0.011995,13.543791,1,0,45.798583,280.10674,151.638257,2.905996,30.36177,0.556388,0.055639,71.611261,235.222522,7.432273,33.580438,0.629795,0.787244,644.501349,17.34197,0.157449,23.522252,1.235586,1.235586,1.235586
2023-08-12 00:00:00,0.387,0.011999,13.499023,1,0,50.610464,280.374068,150.366718,3.028202,30.820044,0.566767,0.056677,75.294429,242.588859,7.798893,36.044936,0.701575,0.876968,677.649864,18.197416,0.175394,24.258886,1.249878,1.249878,1.249878
2023-08-13 00:00:00,0.367,0.012003,13.454254,1,0,55.422345,280.641396,149.09518,3.150409,31.278319,0.577146,0.057715,78.977598,249.955195,8.165512,38.509434,0.773354,0.966693,710.798379,19.052861,0.193339,24.99552,1.26417,1.26417,1.26417
2023-08-14 00:00:00,0.315,0.012007,13.409486,1,0,60.234226,280.908725,147.823641,3.272615,31.736593,0.587525,0.058753,82.660766,257.321532,8.532132,40.973932,0.845134,1.056417,743.946894,19.908307,0.211283,25.732153,1.278462,1.278462,1.278462
2023-08-15 00:00:00,1.01,0.012011,13.364717,1,0,65.046108,281.176053,146.552102,3.394822,32.194867,0.597904,0.05979,86.343934,264.687869,8.898751,43.43843,0.916913,1.146141,777.095408,20.763752,0.229228,26.468787,1.292754,1.292754,1.292754
2023-08-16 00:00:00,2.943,0.012015,13.319948,1,0,69.857989,281.443381,146.785801,3.517028,32.653142,0.608283,0.060828,90.027103,272.054205,9.265371,45.902928,0.988692,1.235866,810.243923,21.619198,0.247173,27.205421,1.282371,1.282371,1.282371
2023-08-17 00:00:00,1.251,0.012013,13.319794,1,0,69.254448,281.624356,148.567281,3.472383,32.319465,0.608428,0.060843,89.223535,270.44707,9.22482,45.576569,0.97865,1.223313,803.011814,21.52458,0.244663,27.044707,1.246614,1.246614,1.246614
2023-08-18 00:00:00,0.801,0.012007,13.355497,1,0,64.306166,281.735927,150.348761,3.293873,31.350414,0.600364,0.060036,84.820302,261.640604,8.8576,43.011133,0.902964,1.128705,763.382717,20.667734,0.225741,26.16406,1.210857,1.210857,1.210857
2023-08-19 00:00:00,0.635,0.012001,13.391199,1,0,59.357884,281.847498,152.130242,3.115364,30.381363,0.592299,0.05923,80.417069,252.834138,8.490381,40.445698,0.827277,1.034096,723.75362,19.810889,0.206819,25.283414,1.1751,1.1751,1.1751
2023-08-20 00:00:00,0.543,0.011996,13.426902,1,0,54.409603,281.959069,153.911722,2.936854,29.412311,0.584234,0.058423,76.013836,244.027672,8.123162,37.880262,0.751591,0.939488,684.124523,18.954044,0.187898,24.402767,1.139343,1.139343,1.139343
2023-08-21 00:00:00,0.481,0.01199,13.462605,1,0,49.461321,282.07064,155.693202,2.758345,28.44326,0.576169,0.057617,71.610603,235.221206,7.755942,35.314826,0.675904,0.84488,644.495426,18.097198,0.168976,23.522121,1.103586,1.103586,1.103586
2023-08-22 00:00:00,0.435,0.011984,13.498307,1,0,44.513039,282.18221,157.474682,2.579835,27.474209,0.568104,0.05681,67.20737,226.41474,7.388723,32.74939,0.600217,0.750272,604.866329,17.240353,0.150054,22.641474,1.06783,1.06783,1.06783
2023-08-23 00:00:00,0.392,0.011978,13.53401,1,0,39.564757,282.293781,159.256162,2.401326,26.505158,0.56004,0.056004,62.804137,217.608274,7.021503,30.183955,0.524531,0.655663,565.237232,16.383508,0.131133,21.760827,1.032073,1.032073,1.032073
2023-08-24 00:00:00,0.375,0.011972,13.569713,1,0,34.616475,282.405352,161.037643,2.222817,25.536106,0.551975,0.055197,58.400904,208.801808,6.654284,27.618519,0.448844,0.561055,525.608135,15.526662,0.112211,20.880181,0.996316,0.996316,0.996316
2023-08-25 00:00:00,0.353,0.011966,13.605415,1,0,29.668193,282.516923,162.819123,2.044307,24.567055,0.54391,0.054391,53.997671,199.995342,6.287064,25.053083,0.373157,0.466447,485.979038,14.669817,0.093289,19.999534,0.960559,0.960559,0.960559
2023-08-26 00:00:00,0.318,0.01196,13.641118,1,0,24.719911,282.628494,164.600603,1.865798,23.598004,0.535845,0.053585,49.594438,191.188876,5.919845,22.487647,0.297471,0.371838,446.34994,13.812972,0.074368,19.118888,0.924802,0.924802,0.924802
2023-08-27 00:00:00,0.304,0.011954,13.676821,1,0,19.77163,282.740065,166.382083,1.687288,22.628952,0.52778,0.052778,45.191205,182.38241,5.552626,19.922212,0.221784,0.27723,406.720843,12.956126,0.055446,18.238241,0.889045,0.889045,0.889045
2023-08-28 00:00:00,0.305,0.011948,13.712523,1,0,14.823348,282.851636,168.163564,1.508779,21.659901,0.519715,0.051972,40.787972,173.575944,5.185406,17.356776,0.146097,0.182622,367.091746,12.099281,0.036524,17.357594,0.853288,0.853288,0.853288
2023-08-29 00:00:00,0.284,0.011942,13.748226,1,0,9.875066,282.963207,169.945044,1.330269,20.69085,0.511651,0.051165,36.384739,164.769478,4.818187,14.79134,0.070411,0.088013,327.462649,11.242436,0.017603,16.476948,0.817532,0.817532,0.817532
2023-08-30 00:00:00,0.268,0.011936,13.783929,1,0,4.926784,283.074778,170.170435,1.15176,19.721799,0.503586,0.050359,31.981506,155.963012,4.450967,12.225904,0,0,287.833552,10.38559,0,15.596301,0.792716,0.792716,0.792716
2023-08-31 00:00:00,0.263,0.011934,13.899272,1,0,2.7,281.26905,168.89896,1.060188,19.17331,0.495521,0.049552,30.524553,153.049106,4.251993,10.975885,0,0,274.720978,9.921317,0,15.304911,0.778424,0.778424,0.778424
2023-09-01 00:00:00,0.268,0.011934,14.079813,1,0,2.7,277.893742,167.627484,1.039751,18.968934,0.487456,0.048746,31.478306,154.956612,4.19068,10.802166,0,0,283.304754,9.778254,0,15.495661,0.764133,0.764133,0.764133
2023-09-02 00:00:00,0.318,0.011935,14.260354,1,0,2.7,274.518435,166.356009,1.019313,18.764559,0.479391,0.047939,32.432059,156.864118,4.129368,10.628446,0,0,291.88853,9.635191,0,15.686412,0.749842,0.749842,0.749842
2023-09-03 00:00:00,0.514,0.011935,14.440895,1,0,2.7,271.143128,165.084533,0.998875,18.560183,0.471327,0.047133,33.385812,158.771624,4.068055,10.454727,0,0,300.472306,9.492128,0,15.877162,0.73555,0.73555,0.73555
2023-09-04 00:00:00,0.396,0.011936,14.621436,1,0,2.7,267.76782,163.813058,0.978438,18.355808,0.463262,0.046326,34.339565,160.679129,4.006742,10.281008,0,0,309.056083,9.349065,0,16.067913,0.721259,0.721259,0.721259
2023-09-05 00:00:00,0.546,0.011937,14.801977,1,0,2.7,264.392513,162.541582,0.958,18.151432,0.455197,0.04552,35.293318,162.586635,3.94543,10.107289,0,0,317.639859,9.206002,0,16.258664,0.706967,0.706967,0.706967
2023-09-06 00:00:00,0.722,0.011937,14.982518,1,0,2.7,261.017206,161.270106,0.937563,17.947056,0.447132,0.044713,36.247071,164.494141,3.884117,9.933569,0,0,326.223635,9.062939,0,16.449414,0.692676,0.692676,0.692676
2023-09-07 00:00:00,0.523,0.011938,15.163059,1,0,2.7,257.641898,159.998631,0.917125,17.742681,0.439067,0.043907,37.200823,166.401647,3.822804,9.75985,0,0,334.807411,8.919876,0,16.640165,0.678385,0.678385,0.678385
2023-09-08 00:00:00,0.417,0.011938,15.3436,1,0,2.7,254.266591,158.727155,0.896688,17.538305,0.431003,0.0431,38.154576,168.309153,3.761492,9.586131,0,0,343.391188,8.776814,0,16.830915,0.664093,0.664093,0.664093
2023-09-09 00:00:00,0.37,0.011939,15.524141,1,0,2.7,250.891284,157.45568,0.87625,17.333929,0.422938,0.042294,39.108329,170.216659,3.700179,9.412411,0,0,351.974964,8.633751,0,17.021666,0.649802,0.649802,0.649802
2023-09-10 00:00:00,0.373,0.01194,15.704682,1,0,2.7,247.515976,156.184204,0.855813,17.129554,0.414873,0.041487,40.062082,172.124165,3.638866,9.238692,0,0,360.55874,8.490688,0,17.212416,0.63551,0.63551,0.63551
2023-09-11 00:00:00,0.332,0.01194,15.885223,1,0,2.7,244.140669,154.912729,0.835375,16.925178,0.406808,0.040681,41.015835,174.03167,3.577553,9.064973,0.00165,0.002062,369.142517,8.347625,0.000412,17.403167,0.621219,0.621219,0.621219
2023-09-12 00:00:00,0.329,0.011941,16.065764,1,0,2.7,240.765361,153.641253,0.814937,16.720803,0.398743,0.039874,41.969588,175.939176,3.516241,8.891254,0.005198,0.006498,377.726293,8.204562,0.0013,17.593918,0.606928,0.606928,0.606928
2023-09-13 00:00:00,1.082,0.011941,16.246305,1,0,2.7,237.390054,153.391047,0.7945,16.516427,0.390678,0.039068,42.923341,177.846682,3.454928,8.717534,0.008747,0.010933,386.310069,8.061499,0.002187,17.784668,0.613718,0.613718,0.613718
2023-09-14 00:00:00,1.124,0.011941,16.383845,1,0,2.631594,235.261111,154.101639,0.815574,16.347136,0.382614,0.038261,42.953301,177.906602,3.428571,8.667288,0.008372,0.010465,386.579711,8,0.002093,17.79066,0.640341,0.640341,0.640341
2023-09-15 00:00:00,0.797,0.01194,16.4889,1,0,2.511611,234.07374,154.81223,0.867948,16.204299,0.374549,0.037455,42.286727,176.573454,3.428571,8.710139,0.00504,0.0063,380.580544,8,0.00126,17.657345,0.666965,0.666965,0.666965
2023-09-16 00:00:00,0.622,0.011939,16.593955,1,0,2.391628,232.886369,155.522822,0.920321,16.061461,0.366484,0.036648,41.620153,175.240306,3.428571,8.75299,0.001708,0.002135,374.581378,8,0.000427,17.524031,0.693588,0.693588,0.693588
2023-09-17 00:00:00,0.528,0.011938,16.699011,1,0,2.271644,231.698998,156.233414,0.972695,15.918624,0.358419,0.035842,40.953579,173.907158,3.428571,8.795841,0,0,368.582211,8,0,17.390716,0.720212,0.720212,0.720212
2023-09-18 00:00:00,0.464,0.011937,16.804066,1,0,2.151661,230.511628,156.944006,1.025069,15.775787,0.350354,0.035035,40.287005,172.57401,3.428571,8.838693,0,0,362.583044,8,0,17.257401,0.746835,0.746835,0.746835
2023-09-19 00:00:00,0.412,0.011936,16.909121,1,0,2.031678,229.324257,157.654598,1.077442,15.632949,0.34229,0.034229,39.620431,171.240862,3.428571,8.881544,0,0,356.583877,8,0,17.124086,0.773459,0.773459,0.773459
2023-09-20 00:00:00,0.399,0.011935,17.014176,1,0,1.911694,228.136886,158.365189,1.129816,15.490112,0.334225,0.033422,38.953857,169.907713,3.428571,8.924395,0,0,350.58471,8,0,16.990771,0.800082,0.800082,0.800082
2023-09-21 00:00:00,0.367,0.011934,17.119232,1,0,1.791711,226.949515,159.075781,1.18219,15.347275,0.32616,0.032616,38.287283,168.574565,3.428571,8.967246,0,0,344.585544,8,0,16.857457,0.826706,0.826706,0.826706
2023-09-22 00:00:00,0.327,0.011932,17.224287,1,0,1.671728,225.762144,159.786373,1.234563,15.204438,0.318095,0.03181,37.620709,167.241417,3.428571,9.010097,0,0,338.586377,8,0,16.724142,0.853329,0.853329,0.853329
2023-09-23 00:00:00,0.304,0.011931,17.329342,1,0,1.551744,224.574774,160.496965,1.286937,15.0616,0.31003,0.031003,36.954134,165.908269,3.428571,9.052948,0,0,332.58721,8,0,16.590827,0.879953,0.879953,0.879953
2023-09-24 00:00:00,0.286,0.01193,17.434397,1,0,1.431761,223.387403,161.207557,1.339311,14.918763,0.301965,0.030197,36.28756,164.575121,3.428571,9.0958,0,0,326.588043,8,0,16.457512,0.906576,0.906576,0.906576
2023-09-25 00:00:00,0.258,0.011929,17.539453,1,0,1.311778,222.200032,161.918148,1.391684,14.775926,0.293901,0.02939,35.620986,163.241973,3.428571,9.138651,0,0,320.588877,8,0,16.324197,0.9332,0.9332,0.9332
2023-09-26 00:00:00,0.246,0.011928,17.644508,1,0,1.191794,221.012661,162.62874,1.444058,14.633088,0.285836,0.028584,34.954412,161.908824,3.428571,9.181502,0,0,314.58971,8,0,16.190882,0.959823,0.959823,0.959823
2023-09-27 00:00:00,0.223,0.011927,17.749563,1,0,1.071811,219.82529,163.339332,1.496432,14.490251,0.277771,0.027777,34.287838,160.575676,3.428571,9.224353,0,0,308.590543,8,0,16.057568,0.986447,0.986447,0.986447
2023-09-28 00:00:00,0.217,0.011926,17.854618,1,0,0.951828,218.637919,163.162431,1.548805,14.347414,0.269706,0.026971,33.621264,159.242528,3.428571,9.267204,0,0,302.591376,8,0,15.924253,1.003784,1.003784,1.003784
2023-09-29 00:00:00,0.194,0.011925,17.846304,1,0,0.939293,219.625639,162.065271,1.562073,14.129792,0.261641,0.026164,33.260569,158.521139,3.309758,9.039668,0,0,299.345124,7.722769,0,15.852114,1.011491,1.011491,1.011491
2023-09-30 00:00:00,0.198,0.011924,17.751773,1,0,1.008464,222.267513,160.968111,1.545604,13.855301,0.253577,0.025358,33.132474,158.264947,3.100596,8.606522,0,0,298.192264,7.234725,0,15.826495,1.019199,1.019199,1.019199
2023-10-01 00:00:00,0.191,0.011923,17.657242,1,0,1.077636,224.909387,159.870951,1.529134,13.58081,0.245512,0.024551,33.004378,158.008756,2.891434,8.173376,0,0,297.039403,6.74668,0,15.800876,1.026907,1.026907,1.026907
2023-10-02 00:00:00,0.332,0.011922,17.562711,1,0,1.146807,227.551261,158.773791,1.512665,13.30632,0.237447,0.023745,32.876282,157.752565,2.682273,7.740229,0,0,295.886542,6.258636,0,15.775256,1.034614,1.034614,1.034614
2023-10-03 00:00:00,0.255,0.011921,17.46818,1,0,1.215979,230.193135,157.676631,1.496195,13.031829,0.229382,0.022938,32.748187,157.496374,2.473111,7.307083,0.008202,0.010253,294.733681,5.770592,0.002051,15.749637,1.042322,1.042322,1.042322
2023-10-04 00:00:00,0.211,0.01192,17.373649,1,0,1.285151,232.835009,156.579471,1.479726,12.757338,0.221317,0.022132,32.620091,157.240182,2.263949,6.873937,0.018693,0.023366,293.58082,5.282547,0.004673,15.724018,1.050029,1.050029,1.050029
2023-10-05 00:00:00,0.196,0.011919,17.279118,1,0,1.354322,235.476883,155.482311,1.463257,12.482848,0.213252,0.021325,32.491996,156.983991,2.054787,6.440791,0.029183,0.036479,292.42796,4.794503,0.007296,15.698399,1.057737,1.057737,1.057737
2023-10-06 00:00:00,0.194,0.011918,17.184587,1,0,1.423494,238.118757,154.385151,1.446787,12.208357,0.205188,0.020519,32.3639,156.7278,1.845625,6.007644,0.039674,0.049592,291.275099,4.306458,0.009918,15.67278,1.065444,1.065444,1.065444
2023-10-07 00:00:00,0.156,0.011917,17.090056,1,0,1.492666,240.760631,153.287991,1.430318,11.933866,0.197123,0.019712,32.235804,156.471608,1.636463,5.574498,0.050164,0.062705,290.122238,3.818414,0.012541,15.647161,1.073152,1.073152,1.073152
2023-10-08 00:00:00,0.138,0.011916,16.995525,1,0,1.561837,243.402505,152.190831,1.413848,11.659376,0.189058,0.018906,32.107709,156.215417,1.427301,5.141352,0.060655,0.075818,288.969377,3.33037,0.015164,15.621542,1.080859,1.080859,1.080859
2023-10-09 00:00:00,0.129,0.011914,16.900994,1,0,1.631009,246.044379,151.093671,1.397379,11.384885,0.180993,0.018099,31.979613,155.959226,1.218139,4.708205,0.071145,0.088932,287.816516,2.842325,0.017786,15.595923,1.088567,1.088567,1.088567
2023-10-10 00:00:00,0.108,0.011913,16.806463,1,0,1.700181,248.686253,149.996512,1.380909,11.110394,0.172928,0.017293,31.851517,155.703035,1.008978,4.275059,0.081636,0.102045,286.663656,2.354281,0.020409,15.570303,1.096275,1.096275,1.096275
2023-10-11 00:00:00,0.081,0.011912,16.711932,1,0,1.769352,251.328127,149.466192,1.36444,10.835904,0.164864,0.016486,31.723422,155.446843,0.799816,3.841913,0.092126,0.115158,285.510795,1.866236,0.023032,15.544684,1.181142,1.181142,1.181142
2023-10-12 00:00:00,0.079,0.011911,16.742181,1,0,1.871545,251.636267,149.466192,1.385534,10.657504,0.162572,0.016257,31.534175,155.068351,0.82383,3.930787,0.097749,0.122186,283.807579,1.922269,0.024437,15.506835,1.3382,1.3382,1.3382
2023-10-13 00:00:00,0.204,0.011911,16.871903,1,0,2.000008,250.083972,149.466192,1.436511,10.555549,0.164875,0.016487,31.296281,154.592562,1.033347,4.434953,0.099498,0.124373,281.666529,2.411143,0.024875,15.459256,1.495257,1.495257,1.495257
2023-10-14 00:00:00,0.159,0.01191,17.001626,1,0,2.128471,248.531677,149.466192,1.487489,10.453594,0.167177,0.016718,31.058387,154.116773,1.242864,4.939119,0.101248,0.12656,279.525479,2.900016,0.025312,15.411677,1.652314,1.652314,1.652314
2023-10-15 00:00:00,0.118,0.011909,17.131349,1,0,2.256934,246.979382,149.466192,1.538466,10.351639,0.169479,0.016948,30.820492,153.640984,1.452381,5.443286,0.102998,0.128747,277.384429,3.388889,0.025749,15.364098,1.809371,1.809371,1.809371
2023-10-16 00:00:00,0.103,0.011908,17.261072,1,0,2.385397,245.427088,149.466192,1.589443,10.249685,0.171781,0.017178,30.582598,153.165195,1.661898,5.947452,0.104747,0.130934,275.243379,3.877762,0.026187,15.31652,1.966428,1.966428,1.966428
2023-10-17 00:00:00,0.099,0.011907,17.390794,1,0,2.51386,243.874793,149.466192,1.640421,10.14773,0.174084,0.017408,30.344703,152.689407,1.871415,6.451618,0.106497,0.133121,273.102329,4.366635,0.026624,15.268941,2.123485,2.123485,2.123485
2023-10-18 00:00:00,0.097,0.011906,17.520517,1,0,2.642323,242.322498,149.466192,1.691398,10.045775,0.176386,0.017639,30.106809,152.213618,2.080932,6.955784,0.108247,0.135308,270.961279,4.855508,0.027062,15.221362,2.280542,2.280542,2.280542
2023-10-19 00:00:00,0.096,0.011905,17.65024,1,0,2.770786,240.770204,149.466192,1.742375,9.94382,0.178688,0.017869,29.868914,151.737829,2.290449,7.459951,0.109996,0.137495,268.820229,5.344381,0.027499,15.173783,2.437599,2.437599,2.437599
2023-10-20 00:00:00,0.096,0.011905,17.779962,1,0,2.899249,239.217909,149.466192,1.793353,9.841866,0.18099,0.018099,29.63102,151.26204,2.499966,7.964117,0.111746,0.139683,266.67918,5.833254,0.027937,15.126204,2.594656,2.594656,2.594656
2023-10-21 00:00:00,0.087,0.011904,17.909685,1,0,3.027712,237.665614,149.466192,1.84433,9.739911,0.183292,0.018329,29.393126,150.786251,2.709483,8.468283,0.113496,0.14187,264.53813,6.322127,0.028374,15.078625,2.751713,2.751713,2.751713
2023-10-22 00:00:00,0.08,0.011903,18.039408,1,0,3.156175,236.113319,149.466192,1.895308,9.637956,0.185595,0.018559,29.155231,150.310462,2.919,8.97245,0.115245,0.144057,262.39708,6.811,0.028811,15.031046,2.90877,2.90877,2.90877
2023-10-23 00:00:00,0.066,0.011902,18.16913,1,0,3.284638,234.561025,149.466192,1.946285,9.536001,0.187897,0.01879,28.917337,149.834673,3.128517,9.476616,0.116995,0.146244,260.25603,7.299873,0.029249,14.983467,3.065827,3.065827,3.065827
2023-10-24 00:00:00,0.063,0.011901,18.298853,1,0,3.413101,233.00873,149.466192,1.997262,9.434047,0.190199,0.01902,28.679442,149.358884,3.338034,9.980782,0.118745,0.148431,258.11498,7.788746,0.029686,14.935888,3.222884,3.222884,3.222884
2023-10-25 00:00:00,0.06,0.0119,18.428576,1,0,3.541564,231.456435,148.044458,2.04824,9.332092,0.192501,0.01925,28.441548,148.883096,3.547551,10.484948,0.120494,0.150618,255.97393,8.277619,0.030124,14.88831,3.833887,3.833887,3.833887
2023-10-26 00:00:00,0.054,0.0119,18.558299,1,0,3.529767,229.904141,145.251229,2.063068,9.171447,0.193548,0.019355,28.62597,149.251939,3.617774,10.583296,0.117263,0.146578,257.633726,8.441473,0.029316,14.925194,4.882795,4.882795,4.882795
2023-10-27 00:00:00,0.051,0.011901,18.688021,1,0,3.400927,228.351846,142.458,2.047729,8.961826,0.193548,0.019355,29.162803,150.325605,3.57176,10.342999,0.109874,0.137342,262.465224,8.334106,0.027468,15.032561,5.931704,5.931704,5.931704
2023-10-28 00:00:00,0.077,0.011902,18.817744,1,0,3.272087,226.799551,139.664771,2.032391,8.752206,0.193548,0.019355,29.699636,151.399272,3.525746,10.102703,0.102485,0.128107,267.296722,8.22674,0.025621,15.139927,6.980612,6.980612,6.980612
2023-10-29 00:00:00,0.1,0.011902,18.947467,1,0,3.143247,225.247256,136.871542,2.017053,8.542585,0.193548,0.019355,30.236469,152.472938,3.479731,9.862406,0.095097,0.118871,272.12822,8.119373,0.023774,15.247294,8.02952,8.02952,8.02952
2023-10-30 00:00:00,0.102,0.011903,19.077189,1,0,3.014408,223.694962,134.078313,2.001715,8.332965,0.193548,0.019355,30.773302,153.546604,3.433717,9.622109,0.087708,0.109635,276.959718,8.012006,0.021927,15.35466,9.078428,9.078428,9.078428
2023-10-31 00:00:00,0.097,0.011903,19.206912,1,0,2.885568,222.142667,131.285084,1.986377,8.123344,0.193548,0.019355,31.310135,154.62027,3.387703,9.381813,0.080319,0.100399,281.791217,7.90464,0.02008,15.462027,10.127337,10.127337,10.127337
2023-11-01 00:00:00,0.087,0.011904,19.336635,1,0,2.756728,220.590372,128.491855,1.971039,7.913723,0.193548,0.019355,31.846968,155.693937,3.341688,9.141516,0.072931,0.091163,286.622715,7.797273,0.018233,15.569394,11.176245,11.176245,11.176245
2023-11-02 00:00:00,0.077,0.011905,19.466357,1,0,2.627888,219.038078,125.698626,1.955701,7.704103,0.193548,0.019355,32.383801,156.767603,3.295674,8.901219,0.065542,0.081927,291.454213,7.689906,0.016385,15.67676,12.225153,12.225153,12.225153
2023-11-03 00:00:00,0.069,0.011905,19.59608,1,0,2.499048,217.485783,122.905398,1.940363,7.494482,0.193548,0.019355,32.920635,157.841269,3.24966,8.660922,0.058153,0.072692,296.285711,7.58254,0.014538,15.784127,13.274061,13.274061,13.274061
2023-11-04 00:00:00,0.066,0.011906,19.725803,1,0,2.370208,215.933488,120.112169,1.925025,7.284862,0.193548,0.019355,33.457468,158.914935,3.203646,8.420626,0.050765,0.063456,301.117209,7.475173,0.012691,15.891494,14.32297,14.32297,14.32297
2023-11-05 00:00:00,0.064,0.011907,19.855526,1,0,2.241368,214.381193,117.31894,1.909687,7.075241,0.193548,0.019355,33.994301,159.988602,3.157631,8.180329,0.043376,0.05422,305.948708,7.367806,0.010844,15.99886,15.371878,15.371878,15.371878
2023-11-06 00:00:00,0.07,0.011907,19.985248,1,0,2.112528,212.828899,114.525711,1.894349,6.865621,0.193548,0.019355,34.531134,161.062268,3.111617,7.940032,0.035987,0.044984,310.780206,7.26044,0.008997,16.106227,16.420786,16.420786,16.420786
2023-11-07 00:00:00,0.08,0.011908,20.114971,1,0,1.983688,211.276604,111.732482,1.87901,6.656,0.193548,0.019355,35.067967,162.135934,3.065603,7.699735,0.028599,0.035748,315.611704,7.153073,0.00715,16.213593,17.469694,17.469694,17.469694
2023-11-08 00:00:00,0.071,0.011909,20.244694,1,0,1.854848,209.724309,109.816218,1.863672,6.44638,0.193548,0.019355,35.6048,163.2096,3.019589,7.459439,0.02121,0.026512,320.443202,7.045707,0.005302,16.32096,17.514874,17.514874,17.514874
2023-11-09 00:00:00,0.068,0.011909,20.37551,1,0,1.8,208.704389,108.796711,1.852106,6.181548,0.193548,0.019355,35.560185,163.12037,3.043899,7.464611,0.019122,0.023902,320.041667,7.102431,0.00478,16.312037,16.533674,16.533674,16.533674
2023-11-10 00:00:00,0.07,0.011909,20.50714,1,0,1.8,208.08013,107.777203,1.843335,5.875789,0.193548,0.019355,35.084561,162.169122,3.120338,7.651741,0.020963,0.026204,315.761048,7.28079,0.005241,16.216912,15.552475,15.552475,15.552475
2023-11-11 00:00:00,0.069,0.011909,20.638769,1,0,1.8,207.455871,106.757695,1.834564,5.570031,0.193548,0.019355,34.608937,161.217873,3.196778,7.838871,0.022804,0.028505,311.48043,7.459149,0.005701,16.121787,14.571275,14.571275,14.571275
2023-11-12 00:00:00,0.065,0.01191,20.770399,1,0,1.8,206.831613,105.738188,1.825793,5.264272,0.193548,0.019355,34.133312,160.266625,3.273218,8.026001,0.024645,0.030807,307.199812,7.637508,0.006161,16.026662,13.590075,13.590075,13.590075
2023-11-13 00:00:00,0.077,0.01191,20.902028,1,0,1.8,206.207354,104.71868,1.817022,4.958514,0.193548,0.019355,33.657688,159.315376,3.349657,8.213131,0.026486,0.033108,302.919193,7.815867,0.006622,15.931538,12.608876,12.608876,12.608876
2023-11-14 00:00:00,0.079,0.01191,21.033657,1,0,1.8,205.583095,103.699173,1.808251,4.652755,0.193548,0.019355,33.182064,158.364128,3.426097,8.400261,0.028327,0.035409,298.638575,7.994226,0.007082,15.836413,11.627676,11.627676,11.627676
2023-11-15 00:00:00,0.072,0.01191,21.165287,1,0,1.8,204.958836,102.679665,1.79948,4.346997,0.193548,0.019355,32.70644,157.412879,3.502536,8.587391,0.030169,0.037711,294.357957,8.172585,0.007542,15.741288,10.646477,10.646477,10.646477
2023-11-16 00:00:00,0.06,0.01191,21.296916,1,0,1.8,204.334577,101.660157,1.790709,4.041238,0.193548,0.019355,32.230815,156.461631,3.578976,8.774521,0.03201,0.040012,290.077338,8.350944,0.008002,15.646163,9.665277,9.665277,9.665277
2023-11-17 00:00:00,0.053,0.011911,21.428546,1,0,1.8,203.710318,100.64065,1.781938,3.73548,0.193548,0.019355,31.755191,155.510382,3.655416,8.961651,0.033851,0.042314,285.79672,8.529303,0.008463,15.551038,8.684077,8.684077,8.684077
2023-11-18 00:00:00,0.046,0.011911,21.560175,1,0,1.8,203.086059,99.621142,1.773167,3.429722,0.193548,0.019355,31.279567,154.559134,3.731855,9.148781,0.035692,0.044615,281.516102,8.707662,0.008923,15.455913,7.702878,7.702878,7.702878
2023-11-19 00:00:00,0.048,0.011911,21.691805,1,0,1.8,202.4618,98.601634,1.764396,3.123963,0.193548,0.019355,30.803943,153.607885,3.808295,9.335911,0.037533,0.046916,277.235484,8.886022,0.009383,15.360789,6.721678,6.721678,6.721678
2023-11-20 00:00:00,0.048,0.011911,21.823434,1,0,1.8,201.837541,97.582127,1.755625,2.818205,0.193548,0.019355,30.328318,152.656637,3.884735,9.523041,0.039374,0.049218,272.954865,9.064381,0.009844,15.265664,5.740478,5.740478,5.740478
2023-11-21 00:00:00,0.041,0.011912,21.955064,1,0,1.8,201.213282,96.562619,1.746854,2.512446,0.193548,0.019355,29.852694,151.705388,3.961174,9.710171,0.041215,0.051519,268.674247,9.24274,0.010304,15.170539,4.759279,4.759279,4.759279
2023-11-22 00:00:00,0.042,0.011912,22.086693,1,0,1.8,200.589024,96.355043,1.738083,2.206688,0.193548,0.019355,29.37707,150.75414,4.037614,9.897301,0.043057,0.053821,264.393629,9.421099,0.010764,15.075414,4.379555,4.379555,4.379555
2023-11-23 00:00:00,0.034,0.011912,22.103339,1,0,1.764083,199.303367,96.861948,1.729312,2.065727,0.193548,0.019355,29.166667,150.333333,4.054325,9.86525,0.041811,0.052264,262.5,9.460092,0.010453,15.033333,4.529118,4.529118,4.529118
2023-11-24 00:00:00,0.035,0.011913,22.028549,1,0,1.699673,197.49176,97.368853,1.720541,2.055504,0.193548,0.019355,29.166667,150.333333,4.023654,9.65932,0.038117,0.047647,262.5,9.388525,0.009529,15.033333,4.67868,4.67868,4.67868
2023-11-25 00:00:00,0.037,0.011913,21.953758,1,0,1.635262,195.680152,97.875757,1.71177,2.04528,0.193548,0.019355,29.166667,150.333333,3.992982,9.45339,0.034424,0.04303,262.5,9.316958,0.008606,15.033333,4.828242,4.828242,4.828242
2023-11-26 00:00:00,0.037,0.011914,21.878968,1,0,1.570852,193.868544,98.382662,1.702999,2.035056,0.193548,0.019355,29.166667,150.333333,3.962311,9.24746,0.03073,0.038412,262.5,9.245391,0.007682,15.033333,4.977805,4.977805,4.977805
2023-11-27 00:00:00,0.04,0.011914,21.804178,1,0,1.506442,192.056937,98.889567,1.694228,2.024832,0.193548,0.019355,29.166667,150.333333,3.931639,9.04153,0.027036,0.033795,262.5,9.173824,0.006759,15.033333,5.127367,5.127367,5.127367
2023-11-28 00:00:00,0.052,0.011915,21.729387,1,0,1.442031,190.245329,99.396472,1.685457,2.014608,0.193548,0.019355,29.166667,150.333333,3.900967,8.8356,0.023342,0.029178,262.5,9.102257,0.005836,15.033333,5.276929,5.276929,5.276929
2023-11-29 00:00:00,0.048,0.011915,21.654597,1,0,1.377621,188.433721,99.903377,1.676686,2.004384,0.193548,0.019355,29.166667,150.333333,3.870296,8.62967,0.019649,0.024561,262.5,9.03069,0.004912,15.033333,5.426491,5.426491,5.426491
2023-11-30 00:00:00,0.044,0.011915,21.579807,1,0,1.313211,186.622113,100.410282,1.667915,1.99416,0.193548,0.019355,29.166667,150.333333,3.839624,8.42374,0.015955,0.019943,262.5,8.959123,0.003989,15.033333,5.576054,5.576054,5.576054
2023-12-01 00:00:00,0.044,0.011916,21.505016,1,0,1.248801,184.810506,100.917187,1.659144,1.983937,0.193548,0.019355,29.166667,150.333333,3.808953,8.21781,0.012261,0.015326,262.5,8.887556,0.003065,15.033333,5.725616,5.725616,5.725616
2023-12-02 00:00:00,0.043,0.011916,21.430226,1,0,1.18439,182.998898,101.424092,1.650373,1.973713,0.193548,0.019355,29.166667,150.333333,3.778281,8.01188,0.008567,0.010709,262.5,8.815989,0.002142,15.033333,5.875178,5.875178,5.875178
2023-12-03 00:00:00,0.042,0.011917,21.355436,1,0,1.11998,181.18729,101.930997,1.641603,1.963489,0.193548,0.019355,29.166667,150.333333,3.747609,7.805949,0.004873,0.006092,262.5,8.744422,0.001218,15.033333,6.024741,6.024741,6.024741
2023-12-04 00:00:00,0.045,0.011917,21.280645,1,0,1.05557,179.375683,102.437902,1.632832,1.953265,0.193548,0.019355,29.166667,150.333333,3.716938,7.600019,0.00118,0.001475,262.5,8.672855,0.000295,15.033333,6.174303,6.174303,6.174303
2023-12-05 00:00:00,0.044,0.011918,21.205855,1,0,0.991159,177.564075,102.944807,1.624061,1.943041,0.193548,0.019355,29.166667,150.333333,3.686266,7.394089,0,0,262.5,8.601288,0,15.033333,6.323865,6.323865,6.323865
2023-12-06 00:00:00,0.044,0.011918,21.131065,1,0,0.926749,175.752467,102.841194,1.61529,1.932817,0.193548,0.019355,29.166667,150.333333,3.655595,7.188159,0,0,262.5,8.529721,0,15.033333,6.38645,6.38645,6.38645
2023-12-07 00:00:00,0.042,0.011919,21.058217,1,0,0.9,170.012214,102.104555,1.606519,1.901708,0.193548,0.019355,29.271136,150.542273,3.607039,7.051055,0,0,263.440227,8.416424,0,15.054227,6.358851,6.358851,6.358851
2023-12-08 00:00:00,0.037,0.01192,20.986751,1,0,0.9,161.48085,101.367915,1.597748,1.855764,0.193548,0.019355,29.449805,150.89961,3.545781,6.962834,0,0,265.048247,8.273489,0,15.089961,6.331251,6.331251,6.331251
2023-12-09 00:00:00,0.049,0.011921,20.915284,1,0,0.9,152.949487,100.631275,1.588977,1.809821,0.193548,0.019355,29.628474,151.256948,3.484523,6.874614,0,0,266.656267,8.130554,0,15.125695,6.303652,6.303652,6.303652
2023-12-10 00:00:00,0.035,0.011922,20.843817,1,0,0.9,144.418124,99.894635,1.580206,1.763878,0.193548,0.019355,29.807143,151.614286,3.423265,6.786393,0,0,268.264287,7.987619,0,15.161429,6.276052,6.276052,6.276052
2023-12-11 00:00:00,0.034,0.011923,20.77235,1,0,0.9,135.886761,99.157996,1.571435,1.717934,0.193548,0.019355,29.985812,151.971624,3.362007,6.698172,0,0,269.872308,7.844684,0,15.197162,6.248453,6.248453,6.248453
2023-12-12 00:00:00,0.034,0.011924,20.700883,1,0,0.9,127.355398,98.421356,1.562664,1.671991,0.193548,0.019355,30.164481,152.328962,3.300749,6.609951,0,0,271.480328,7.701749,0,15.232896,6.220853,6.220853,6.220853
2023-12-13 00:00:00,0.036,0.011925,20.629416,1,0,0.9,118.824035,97.684716,1.553893,1.626047,0.193548,0.019355,30.34315,152.6863,3.239492,6.521731,0,0,273.088348,7.558814,0,15.26863,6.193254,6.193254,6.193254
2023-12-14 00:00:00,0.03,0.011927,20.557949,1,0,0.9,110.292672,96.948076,1.545122,1.580104,0.193548,0.019355,30.521819,153.043637,3.178234,6.43351,0,0,274.696368,7.415878,0,15.304364,6.165655,6.165655,6.165655
2023-12-15 00:00:00,0.034,0.011928,20.486482,1,0,0.9,101.761308,96.211437,1.536351,1.53416,0.193548,0.019355,30.700488,153.400975,3.116976,6.345289,0,0,276.304389,7.272943,0,15.340098,6.138055,6.138055,6.138055
2023-12-16 00:00:00,0.035,0.011929,20.415015,1,0,0.9,93.229945,95.474797,1.52758,1.488217,0.193548,0.019355,30.879157,153.758313,3.055718,6.257068,0,0,277.912409,7.130008,0,15.375831,6.110456,6.110456,6.110456
2023-12-17 00:00:00,0.032,0.01193,20.343548,1,0,0.9,84.698582,94.738157,1.518809,1.442273,0.193548,0.019355,31.057825,154.115651,2.99446,6.168848,0,0,279.520429,6.987073,0,15.411565,6.082856,6.082856,6.082856
2023-12-18 00:00:00,0.034,0.011931,20.272081,1,0,0.9,76.167219,94.001517,1.510038,1.39633,0.193548,0.019355,31.236494,154.472989,2.933202,6.080627,0,0,281.128449,6.844138,0,15.447299,6.055257,6.055257,6.055257
2023-12-19 00:00:00,0.051,0.011932,20.200614,1,0,0.9,67.635856,93.264878,1.501267,1.350387,0.193548,0.019355,31.415163,154.830327,2.871944,5.992406,0,0,282.73647,6.701203,0,15.483033,6.027657,6.027657,6.027657
2023-12-20 00:00:00,0.049,0.011933,20.129148,1,0,0.9,59.104493,92.528238,1.492496,1.304443,0.193548,0.019355,31.593832,155.187664,2.810686,5.904186,0,0,284.34449,6.558268,0,15.518766,6.000058,6.000058,6.000058
2023-12-21 00:00:00,0.041,0.011933,20.13153,1,0,0.9,60.551513,91.791598,1.483725,1.27445,0.193548,0.019355,31.403826,154.807652,2.794163,5.98888,0,0,282.634435,6.519713,0,15.480765,5.972459,5.972459,5.972459
2023-12-22 00:00:00,0.035,0.011932,20.184776,1,0,0.9,68.87118,91.054958,1.474954,1.255433,0.193548,0.019355,30.960101,153.920201,2.808425,6.192573,0,0,278.640906,6.552992,0,15.39202,5.944859,5.944859,5.944859
2023-12-23 00:00:00,0.04,0.011931,20.238021,1,0,0.9,77.190846,90.318319,1.466183,1.236416,0.193548,0.019355,30.516375,153.03275,2.822688,6.396266,0,0,274.647377,6.586272,0,15.303275,5.91726,5.91726,5.91726
2023-12-24 00:00:00,0.049,0.01193,20.291267,1,0,0.9,85.510512,89.581679,1.457412,1.217399,0.193548,0.019355,30.07265,152.1453,2.836951,6.59996,0,0,270.653848,6.619551,0,15.21453,5.88966,5.88966,5.88966
2023-12-25 00:00:00,0.039,0.011929,20.344513,1,0,0.9,93.830178,88.845039,1.448641,1.198382,0.193548,0.019355,29.628924,151.257849,2.851213,6.803653,0,0,266.660319,6.652831,0,15.125785,5.862061,5.862061,5.862061
2023-12-26 00:00:00,0.044,0.011928,20.397759,1,0,0.9,102.149845,88.108399,1.43987,1.179366,0.193548,0.019355,29.185199,150.370398,2.865476,7.007346,0,0,262.66679,6.68611,0,15.03704,5.834461,5.834461,5.834461
2023-12-27 00:00:00,0.046,0.011927,20.451005,1,0,0.9,110.469511,87.37176,1.431099,1.160349,0.193548,0.019355,28.741473,149.482947,2.879738,7.211039,0.002001,0.002502,258.673261,6.719389,0.0005,14.948295,5.806862,5.806862,5.806862
2023-12-28 00:00:00,0.049,0.011926,20.504251,1,0,0.9,118.789177,86.63512,1.422328,1.141332,0.193548,0.019355,28.297748,148.595496,2.894001,7.414732,0.005437,0.006796,254.679732,6.752669,0.001359,14.85955,5.779262,5.779262,5.779262
2023-12-29 00:00:00,0.048,0.011925,20.557497,1,0,0.9,127.108843,85.89848,1.413557,1.122315,0.193548,0.019355,27.854023,147.708045,2.908264,7.618426,0.008872,0.01109,250.686203,6.785948,0.002218,14.770805,5.751663,5.751663,5.751663
2023-12-30 00:00:00,0.049,0.011924,20.610742,1,0,0.9,135.42851,85.16184,1.404786,1.103298,0.193548,0.019355,27.410297,146.820594,2.922526,7.822119,0.012307,0.015384,246.692674,6.819228,0.003077,14.682059,5.724064,5.724064,5.724064
2023-12-31 00:00:00,0.051,0.011923,20.663988,1,0,0.9,143.748176,84.425201,1.396015,1.084282,0.193548,0.019355,26.966572,145.933143,2.936789,8.025812,0.015743,0.019678,242.699145,6.852507,0.003936,14.593314,5.696464,5.696464,5.696464
2024-01-01 00:00:00,0.051,0.011922,20.717234,1,0,0.9,152.067842,83.688561,1.387244,1.065265,0.193548,0.019355,26.522846,145.045692,2.951051,8.229505,0.019178,0.023972,238.705616,6.885787,0.004794,14.504569,5.668865,5.668865,5.668865
