time,flow,elevation,salt,temp,TRC_tr1,TRC_age,NCS_ss1,NCS_ss2,OXY_oxy,SIL_rsi,NIT_amm,NIT_nit,PHS_frp,PHS_frp_ads,OGM_doc,OGM_poc,OGM_don,OGM_pon,OGM_dop,OGM_pop,OGM_docr,OGM_donr,OGM_dopr,OGM_cpom,PHY_green,PHY_bga,PHY_crypt,PHY_diatom,PHY_dino,PHY_dino_IN
2023-01-02 00:00:00,0.0133,2,0.5,23.627896,1,0,0,0,2511,13.460552,12.147182,25.04071,0.36119,0,1.958547,2.317215,1.625132,1.754641,1.357697,1.251518,349.953744,12.998282,2.999604,99.988681,0,9.015581,8.879698,8.304779,9.386259,1.417325
2023-01-03 00:00:00,0.013,2,0.5,23.640409,1,0,0,0,2659,15.060961,12.25885,26.245671,0.442164,0,2.665292,3.169569,1.984666,2.135879,1.433423,1.210238,349.907439,12.996562,2.999207,99.978527,0,8.142869,7.89772,6.905716,8.814305,1.33096
2023-01-04 00:00:00,0.023,2,0.414422,24.561552,1,0,2.51764,0.288757,2555,22.289323,7.455219,21.636598,0.604868,0.010155,19.931479,36.737172,4.361999,7.40106,2.826205,2.294875,377.384181,13.686318,2.482427,83.602422,0,10.426081,11.062411,4.778519,8.637631,1.304261
2023-01-05 00:00:00,0.0172,2,0.39208,24.635007,1,0,3.214841,0.37233,2457,24.8852,6.159311,20.609085,0.683027,0.014665,25.06539,43.538889,5.394131,8.626099,2.828198,2.005057,385.611907,13.881799,2.344646,79.169659,0,11.280301,12.349667,3.813988,8.431267,1.273094
2023-01-06 00:00:00,0.0216,2,0.373932,25.385129,1,0,3.737004,0.439431,2241,26.868805,4.969727,19.390506,0.750756,0.019018,29.990064,47.677909,6.45296,9.452526,2.844336,1.749456,392.24202,14.041328,2.230621,75.332478,0,12.849152,14.462535,3.031499,8.39033,1.266907
2023-01-07 00:00:00,0.0279,2,0.373932,25.387837,1,0,3.737004,0.439431,2250,28.433837,5.726077,20.132554,0.915078,0.023182,31.976865,45.859793,7.043638,9.403422,2.874504,1.667629,392.18265,14.039203,2.230283,75.323104,0,11.388089,12.601185,2.446613,7.808263,1.179015
2023-01-08 00:00:00,0.0081,2,0.373932,25.397788,1,0,3.737004,0.439431,2573,30.843315,7.300802,20.198771,1.09032,0.027627,33.380765,44.576538,7.600827,9.410761,2.945859,1.608113,392.123217,14.037076,2.229945,75.315587,0,10.112155,10.997627,1.976009,7.270208,1.097769
2023-01-09 00:00:00,0.0223,2,0.373931,25.401111,1,0,3.737019,0.439431,2372,33.940927,9.621932,19.000826,1.278501,0.032397,33.778105,44.411464,7.997813,9.613472,3.025885,1.591174,392.063807,14.034949,2.229607,75.311585,0,8.964394,9.584457,1.59588,6.76607,1.021644
2023-01-10 00:00:00,0.0176,2,0.373928,25.409857,1,0,3.738151,0.439444,2442,37.701633,13.413866,11.339505,1.478976,0.037495,32.686171,46.305913,8.325575,10.226906,3.229556,1.647338,392.005327,14.032846,2.229248,75.312864,0,7.957283,8.365079,1.285831,6.298925,0.951105
2023-01-11 00:00:00,0.0147,2,0.373911,25.416859,1,0,3.742073,0.439503,2525,41.718007,17.11948,7.775432,1.69219,0.042952,32.284662,47.402887,8.800013,10.640947,3.471271,1.670735,391.95046,14.030838,2.228816,75.30545,0,7.059582,7.299984,1.029972,5.862934,0.885271
2023-01-12 00:00:00,0.0157,2,0.373844,25.432602,1,0,3.755886,0.439751,2377,45.569385,20.891386,5.223602,1.898646,0.048385,32.132354,48.691618,9.537294,11.061062,3.869827,1.685524,391.910559,14.029223,2.228077,75.27417,0,6.277474,6.394109,0.815003,5.459727,0.824386
2023-01-13 00:00:00,0.0136,2,0.373371,25.460365,1,0,3.816534,0.441432,2406,51.031472,26.34262,3.799731,2.156653,0.055878,34.198104,50.206502,11.464686,11.46815,4.827799,1.652313,391.988387,14.030711,2.224961,75.08519,0,5.61158,5.682359,0.629239,5.088515,0.768333
2023-01-14 00:00:00,0.0198,2,0.373305,25.465419,1,0,3.827496,0.441673,2604,55.717278,31.321204,2.841624,2.47629,0.064351,35.462719,50.834793,12.821086,11.724718,5.507138,1.653315,391.948159,14.029088,2.224229,75.055207,0,4.9746,4.960741,0.500819,4.734459,0.714871
2023-01-15 00:00:00,0.0325,2,0.348566,26.0043,1,0,4.334016,0.515927,2368,56.280308,29.6982,2.423515,2.487278,0.073977,42.236345,53.085323,14.447574,12.198935,5.579769,1.440629,397.335773,14.197981,2.075552,69.971738,0,9.290849,10.600747,0.374361,5.013996,0.757071
2023-01-16 00:00:00,0.0234,2,0.242373,26.62712,1,0,6.21104,0.822622,2363,39.996143,4.137663,3.357595,1.446028,0.062406,63.723828,59.340236,14.99689,13.316355,2.654811,0.771073,418.340578,14.898752,1.443707,49.248474,0,24.355127,29.236388,0.268205,6.758363,1.020424
2023-01-17 00:00:00,0.0118,2,0.234413,27.065331,1,0,6.14791,0.838672,2675,38.585981,1.785303,0.78535,1.352889,0.058297,66.410301,57.491202,15.875231,13.161051,2.699814,0.725985,417.901196,14.928991,1.391571,47.192734,0,32.070505,42.580125,0.252928,7.19377,1.086165
2023-01-18 00:00:00,0.0298,2,0.225037,25.901558,1,0,6.297483,0.853553,2323,40.352624,2.998221,1.436369,1.482867,0.063962,67.11694,59.897649,16.126121,13.734103,2.620396,0.73361,417.091973,14.953293,1.341982,45.805067,0,27.06286,35.192747,0.23029,6.562066,0.990771
2023-01-19 00:00:00,0.0118,2,0.217566,25.144031,1,0,6.301585,0.865367,2637,40.594775,2.535345,1.100081,1.516292,0.064472,68.429454,59.845655,16.605624,13.828434,2.611986,0.716063,416.240975,14.974492,1.296552,44.247404,0,26.933067,36.470839,0.226494,6.394599,0.965476
2023-01-20 00:00:00,0.0166,2,0.210701,24.976028,1,0,6.297886,0.874868,2287,41.033888,2.393373,0.96695,1.564815,0.066276,69.525783,59.745428,17.023278,13.881619,2.602476,0.698898,415.515892,14.994816,1.255281,42.86804,0,25.96593,36.599737,0.228328,6.201265,0.936274
2023-01-21 00:00:00,0.0184,2,0.210701,24.977378,1,0,6.297886,0.874868,2294,42.741391,4.020824,1.615856,1.710573,0.072451,70.409016,58.015167,17.473399,13.928524,2.599345,0.693909,415.454953,14.992617,1.255097,42.863008,0,23.091111,32.01396,0.2,5.781782,0.872932
2023-01-22 00:00:00,0.0131,2,0.210701,24.982593,1,0,6.297886,0.874868,2413,45.368699,6.479461,1.866769,1.866963,0.079083,70.530832,57.022252,17.844536,14.077488,2.674655,0.695378,415.393984,14.990417,1.254912,42.859249,0,20.54991,28.021055,0.2,5.391728,0.814034
2023-01-23 00:00:00,0.0132,2,0.210701,24.984072,1,0,6.297886,0.874868,2317,49.589048,10.59279,1.964587,2.050246,0.08685,70.896004,56.60305,18.631619,14.309915,3.038788,0.701982,415.333031,14.988217,1.254728,42.856343,0,18.274697,24.509759,0.2,5.026943,0.758951
2023-01-24 00:00:00,0.016,2,0.210701,24.988476,1,0,6.297886,0.874868,2349,54.971042,16.632468,1.382657,2.28634,0.096859,71.061451,58.780107,20.087506,15.147872,3.972435,0.73915,415.272056,14.986017,1.254544,42.856835,0,16.260376,21.451907,0.2,4.687504,0.707696
2023-01-25 00:00:00,0.0225,2,0.210701,24.990083,1,0,6.297886,0.874868,2391,60.276635,23.044288,0.913928,2.574533,0.109072,73.16756,60.408663,22.749753,15.81971,5.506151,0.768658,415.211094,14.983817,1.25436,42.857057,0,14.459926,18.764887,0.2,4.370293,0.659797
2023-01-26 00:00:00,0.0259,2,0.210701,25.006624,1,0,6.297886,0.874868,2190,65.646459,30.174964,0.332632,2.97026,0.125878,72.559087,63.349175,24.899667,16.791465,7.142269,0.81341,415.149848,14.981606,1.254175,42.862331,0,12.891982,16.450355,0.2,4.076957,0.615503
2023-01-27 00:00:00,0.0138,2,0.2107,25.015519,1,0,6.297886,0.874868,2347,71.523233,37.39784,0.221598,3.429759,0.145377,74.969354,63.776196,27.591367,17.116623,8.674353,0.826642,415.088728,14.979401,1.25399,42.862261,0,11.479085,14.412187,0.2,3.802114,0.574002
2023-01-28 00:00:00,0.0077,2,0.2107,25.018113,1,0,6.297886,0.874868,2510,76.412578,43.755862,0.147114,3.937937,0.166926,76.332241,64.438836,29.536813,17.46925,9.8332,0.841726,415.027656,14.977197,1.253806,42.862248,0,10.206725,12.604926,0.2,3.544464,0.535097
2023-01-29 00:00:00,0.0325,2,0.2107,25.065628,1,0,6.297885,0.874868,2276,82.333041,51.090247,0.098346,4.558266,0.193403,77.703299,64.544255,31.398768,17.679592,10.934325,0.849862,414.965338,14.974948,1.253617,42.861744,0,9.130786,11.080677,0.2,3.30802,0.499394
2023-01-30 00:00:00,0.0418,2,0.2107,25.068002,1,0,6.297885,0.874868,2200,87.86926,58.306835,0.064412,5.191124,0.220265,79.488528,65.06705,33.539059,17.961233,12.187536,0.861972,414.904048,14.972736,1.253432,42.861727,0,8.115598,9.686619,0.2,3.083173,0.465442
2023-01-31 00:00:00,0.0487,2,0.2107,25.08021,1,0,6.297883,0.874868,2191,94.06016,66.41622,0.041443,5.952542,0.252634,81.708268,65.314689,35.906177,18.170462,13.546239,0.87056,414.842506,14.970515,1.253246,42.861475,0,7.225901,8.486332,0.2,2.874685,0.43396
2023-02-01 00:00:00,0.0507,2,0.210699,25.134644,1,0,6.297872,0.874868,2184,101.267844,76.067284,0.026455,6.942993,0.294988,84.930501,65.480673,38.787571,18.365784,15.125099,0.878116,414.779445,14.96824,1.253056,42.860392,0,6.47105,7.47534,0.2,2.682761,0.40498
2023-02-02 00:00:00,0.0561,2,0.210698,25.138407,1,0,6.297866,0.874868,2226,105.751364,82.211046,0.069648,7.748426,0.329232,83.889968,65.911413,38.929028,18.582547,15.370848,0.887553,414.717808,14.966015,1.25287,42.860357,0,5.749096,6.531842,0.2,2.499676,0.377334
2023-02-03 00:00:00,0.0556,2,0.130701,26.775864,1,0,5.468784,0.887121,2207,55.166527,7.228528,2.551675,2.686356,0.102392,72.740294,51.164195,18.988137,10.977155,2.901393,0.402827,411.392264,15.354438,0.760904,28.621529,0,28.151648,22.602133,0.448993,7.89591,1.191938
2023-02-04 00:00:00,0.0489,2,0.126426,25.818892,1,0,5.520475,0.887364,2173,56.484384,7.764713,3.593972,2.775776,0.104796,72.397616,53.056872,18.745219,11.272708,2.766757,0.404051,411.738816,15.400974,0.735493,28.158838,0,24.114594,18.977153,0.443075,7.515024,1.13441
2023-02-05 00:00:00,0.0515,2,0.123242,25.707863,1,0,5.475241,0.887999,2197,56.648209,6.733933,3.556394,2.76662,0.103367,72.868631,52.808137,18.818602,11.314124,2.710536,0.400198,412.150855,15.448839,0.71372,27.597828,0,26.656104,21.460746,0.441739,7.771632,1.173146
2023-02-06 00:00:00,0.048,2,0.123242,25.70994,1,0,5.475241,0.887999,2166,58.435584,8.122041,4.509948,2.926526,0.109346,73.036365,50.981366,18.955331,11.312324,2.680488,0.407527,412.086906,15.446442,0.713609,27.594388,0,23.547788,18.629413,0.353893,7.22052,1.089928
2023-02-07 00:00:00,0.0486,2,0.123242,25.716497,1,0,5.475241,0.887999,1886,61.236047,10.585222,4.701168,3.097273,0.115741,72.551891,49.892649,19.074173,11.407123,2.742687,0.417249,412.022916,15.444043,0.713498,27.591832,0,20.82044,16.184549,0.283599,6.710083,1.012852
2023-02-08 00:00:00,0.0478,2,0.123242,25.718581,1,0,5.475241,0.887999,1089,65.796775,14.965964,4.567893,3.298233,0.123256,72.554133,49.380864,19.760459,11.580975,3.156344,0.42903,411.958944,15.441645,0.713388,27.589875,0,18.391472,14.048292,0.227271,6.234025,0.940967
2023-02-09 00:00:00,0.0495,2,0.123242,25.724344,1,0,5.475239,0.887999,1140,71.602188,21.587502,3.162004,3.561666,0.133116,72.560384,51.245751,21.211176,12.26548,4.153069,0.459004,411.894937,15.439246,0.713277,27.590232,0,16.257399,12.203928,0.2,5.792813,0.874344
2023-02-10 00:00:00,0.0488,2,0.123242,25.726262,1,0,5.475238,0.887999,1133,77.228511,28.45105,2.00578,3.880028,0.14502,74.557003,52.617182,23.885439,12.809656,5.751585,0.483446,411.830944,15.436847,0.713166,27.590385,0,14.359449,10.593072,0.2,5.381594,0.81225
2023-02-11 00:00:00,0.0561,2,0.123242,25.745882,1,0,5.475225,0.887999,1423,82.700454,36.189156,0.642559,4.317457,0.161431,73.696695,55.193299,25.855173,13.609635,7.29881,0.51692,411.766594,15.434435,0.713055,27.593891,0,12.723255,9.220082,0.2,5.003276,0.755124
2023-02-12 00:00:00,0.0536,2,0.123242,25.758349,1,0,5.475168,0.887999,1414,88.675525,43.346244,0.442242,4.803676,0.179654,74.821855,55.502272,27.753761,13.869208,8.482681,0.530262,411.70232,15.432026,0.712943,27.593808,0,11.258212,8.020093,0.2,4.649882,0.701762
2023-02-13 00:00:00,0.0552,2,0.123242,25.762477,1,0,5.475152,0.887999,1364,93.479337,49.192522,0.332136,5.311467,0.19866,73.638544,56.009577,28.058333,14.146231,8.86474,0.543755,411.638129,15.42962,0.712832,27.593776,0,9.943799,6.960765,0.2,4.319331,0.651848
2023-02-14 00:00:00,0.0486,2,0.123242,25.80656,1,0,5.474994,0.887999,987,98.882695,55.094976,0.269006,5.796371,0.21698,71.635711,56.098112,27.721812,14.322953,8.908434,0.553382,411.572738,15.42717,0.712718,27.593299,0,8.833227,6.072079,0.2,4.016627,0.60614
2023-02-15 00:00:00,0.0556,2,0.123242,25.81068,1,0,5.474947,0.887999,1018,104.735385,62.153423,0.202185,6.346173,0.237578,71.729265,56.466018,28.777646,14.534643,9.655122,0.563678,411.508378,15.42476,0.712606,27.593088,0,7.799029,5.268534,0.2,3.730311,0.562906
2023-02-16 00:00:00,0.051,2,0.12324,25.823114,1,0,5.47476,0.888001,1403,110.673851,69.194806,0.154898,6.913173,0.25886,71.508893,56.617694,29.559129,14.686,10.253376,0.570912,411.444018,15.422364,0.712486,27.591687,0,6.895208,4.58125,0.2,3.4653,0.52289
2023-02-17 00:00:00,0.0521,2,0.123227,25.861427,1,0,5.474341,0.888021,1506,117.065958,76.878922,0.135494,7.591381,0.284449,72.446466,56.543692,31.01322,14.767274,11.166689,0.573297,411.381744,15.420198,0.712295,27.581797,0,6.122283,4.016682,0.2,3.221879,0.486133
2023-02-18 00:00:00,0.0518,2,0.123225,25.8641,1,0,5.474344,0.888024,1361,121.525593,82.357455,0.176583,8.229599,0.308379,70.801736,56.812157,30.779032,14.913431,11.250369,0.580011,411.317626,15.417819,0.712172,27.58036,0,5.401382,3.484202,0.2,2.991268,0.451311
2023-02-19 00:00:00,0.0487,2,0.123185,25.900617,1,0,5.474422,0.888084,1293,126.576362,87.701386,0.22027,8.792017,0.329697,68.437436,56.701051,29.966811,14.950271,11.021877,0.578156,411.262507,15.416284,0.711813,27.555696,0,4.793682,3.073185,0.2,2.781,0.41956
2023-02-20 00:00:00,0.0473,2,0.123162,25.919636,1,0,5.474719,0.888119,1201,132.082866,94.282256,0.20162,9.444452,0.354316,67.805623,56.795831,30.304267,15.033481,11.370968,0.580389,411.203231,15.414366,0.71156,27.542515,0,4.238924,2.685072,0.2,2.583009,0.389663
2023-02-21 00:00:00,0.0499,2,0.123073,25.987354,1,0,5.475971,0.888254,1218,136.841971,99.878702,0.17635,10.045389,0.377453,66.542783,56.736609,30.121634,15.06517,11.434221,0.57782,411.159801,15.413938,0.710893,27.4983,0,3.775878,2.389959,0.2,2.402753,0.362445
2023-02-22 00:00:00,0.0708,2,0.123067,25.991504,1,0,5.47695,0.888264,521,142.78534,107.503854,0.121231,10.751692,0.404097,68.59655,56.871519,32.204533,15.140947,12.650734,0.579652,411.096176,15.411632,0.710744,27.492952,0,3.328302,2.074545,0.2,2.229581,0.336296
2023-02-23 00:00:00,0.0673,2,0.122968,26.02776,1,0,5.485146,0.888429,395,149.088926,115.269359,0.089493,11.504653,0.433355,69.966046,56.804605,33.767615,15.126782,13.590082,0.57007,411.057504,15.411532,0.710025,27.429429,0,2.953274,1.857855,0.2,2.073004,0.312652
2023-02-24 00:00:00,0.0708,2,0.122832,26.062447,1,0,5.493058,0.888657,900,155.422723,123.215386,0.120639,12.342964,0.465923,71.585485,56.896507,35.465297,15.166911,14.58969,0.567008,411.029744,15.412365,0.709087,27.366527,0,2.6213,1.659652,0.2,1.927785,0.290724
2023-02-25 00:00:00,0.0708,2,0.118702,26.309057,1,0,5.540119,0.89973,894,154.692198,121.080399,0.487363,12.429455,0.475526,72.133984,54.184797,35.007762,14.480689,14.067875,0.530622,412.524896,15.544176,0.683612,26.477003,0,4.663095,3.488305,0.2,2.154592,0.324965
2023-02-26 00:00:00,0.0708,2,0.073152,25.572615,1,0,5.795666,1.030131,971,68.374826,6.306665,2.18424,3.113104,0.122797,76.371698,46.023652,21.732084,12.191396,2.485221,0.436169,429.705475,17.067934,0.404445,20.197846,0,33.717138,21.58149,0.2,6.340556,0.956985
2023-02-27 00:00:00,0.0708,2,0.07147,25.309927,1,0,5.857613,1.040274,923,68.414161,5.438284,2.051909,3.055325,0.121174,76.26972,47.064097,21.72065,12.28711,2.470039,0.440138,429.767259,17.115843,0.395082,19.981605,0,36.248154,23.809318,0.2,6.35189,0.9587
2023-02-28 00:00:00,0.0708,2,0.07147,25.311078,1,0,5.857613,1.040274,1118,70.357571,7.231401,2.844223,3.200734,0.126944,76.000494,45.962664,21.821701,12.376913,2.471372,0.452607,429.70259,17.113268,0.395022,19.979267,0,32.134723,20.752721,0.2,5.912667,0.892378
2023-03-01 00:00:00,0.0705,2,0.067938,24.216252,1,0,6.015217,1.062543,955,68.531825,4.1736,1.563931,2.93298,0.116893,76.202717,49.724098,21.688681,12.587337,2.441304,0.451558,429.634007,17.207928,0.375915,19.562214,0,39.491324,27.150928,0.2,6.206475,0.936752
2023-03-02 00:00:00,0.0708,2,0.066078,23.494233,1,0,6.114378,1.074575,1027,68.402798,3.395484,1.17395,2.845675,0.113646,76.304455,51.386109,21.664932,12.761448,2.425734,0.456865,429.26092,17.245631,0.36572,19.356031,0,41.417906,29.371694,0.202585,6.168858,0.931077
2023-03-03 00:00:00,0.0704,2,0.066078,23.494935,1,0,6.114378,1.074575,954,69.806386,4.88125,1.849099,2.966492,0.118473,76.44795,50.337331,21.825366,12.909347,2.414679,0.471041,429.20475,17.243374,0.365672,19.353973,0,37.297517,26.062867,0.2,5.789979,0.873866
2023-03-04 00:00:00,0.0708,2,0.062506,22.968199,1,0,6.264201,1.095593,914,68.87907,3.152981,1.109995,2.763037,0.111879,76.269288,53.281576,21.594012,12.848292,2.416204,0.458824,427.570675,17.269761,0.34742,18.955882,0,40.197035,29.038107,0.206027,5.847697,0.88259
2023-03-05 00:00:00,0.0708,2,0.062506,22.969541,1,0,6.264201,1.095593,964,70.368889,4.712535,1.697402,2.88004,0.11662,76.389904,52.25992,21.733911,12.997961,2.412201,0.472467,427.516944,17.267591,0.347377,18.954036,0,36.356792,25.894203,0.2,5.501041,0.830244
2023-03-06 00:00:00,0.0708,2,0.062506,22.973546,1,0,6.264201,1.095593,997,72.260106,6.624903,2.018364,3.000899,0.121523,76.236935,51.448635,21.854244,13.144144,2.446994,0.484961,427.463194,17.26542,0.347333,18.952405,0,32.897939,23.09865,0.2,5.175473,0.781084
2023-03-07 00:00:00,0.0708,2,0.062506,22.974816,1,0,6.264201,1.095593,972,75.677694,9.976006,2.180863,3.143065,0.127283,76.151735,51.129393,22.240606,13.368672,2.683499,0.499495,427.409456,17.26325,0.347289,18.951151,0,29.751648,20.59568,0.2,4.868456,0.734724
2023-03-08 00:00:00,0.0573,2,0.062506,22.98014,1,0,6.26421,1.095593,907,79.901946,14.739892,1.562851,3.312423,0.134156,74.825747,52.942859,22.612462,14.111663,3.160907,0.5327,427.355633,17.261077,0.347245,18.951485,0,26.927286,18.377618,0.2,4.5805,0.691243
2023-03-09 00:00:00,0.0581,2,0.055283,22.35867,1,0,6.494884,1.139134,2260,69.528744,2.856318,0.860077,2.623172,0.108806,76.110452,53.805838,21.445247,12.467324,2.427292,0.44553,418.621761,17.100102,0.307067,17.966487,0,36.870662,30.436356,0.223172,5.267793,0.795036
2023-03-10 00:00:00,0.0708,2,0.054096,21.763059,1,0,6.520919,1.145882,1577,69.741606,2.970294,0.856226,2.608657,0.107364,75.955219,53.505216,21.380932,12.295099,2.428354,0.439194,416.393606,17.039755,0.300466,17.790884,0,36.410899,29.704949,0.219562,5.175162,0.78105
2023-03-11 00:00:00,0.0708,2,0.054096,21.764143,1,0,6.520919,1.145882,1369,70.927104,4.260676,1.442438,2.713499,0.111682,76.163136,52.388047,21.491833,12.400537,2.414013,0.449472,416.345916,17.037804,0.300431,17.789217,0,33.223695,26.757054,0.2,4.891602,0.738232
2023-03-12 00:00:00,0.0708,2,0.054096,21.768248,1,0,6.520919,1.145882,1274,72.561551,5.909966,1.789003,2.822429,0.116175,75.999126,51.572599,21.558773,12.528832,2.431496,0.459839,416.298208,17.035851,0.300397,17.787812,0,30.331672,24.111512,0.2,4.624174,0.697851
2023-03-13 00:00:00,0.0708,2,0.054096,21.769288,1,0,6.520919,1.145882,1078,75.303681,8.522105,2.050334,2.945328,0.121236,75.897275,50.996128,21.795772,12.674871,2.571787,0.470237,416.25051,17.033899,0.300363,17.786585,0,27.676005,21.718046,0.2,4.370734,0.659581
2023-03-14 00:00:00,0.0703,2,0.054096,21.772349,1,0,6.520919,1.145882,1145,78.951043,12.395753,1.814413,3.089489,0.127177,75.386282,51.851117,22.234781,13.14198,2.947957,0.492029,416.2028,17.031947,0.300328,17.786235,0,25.261385,19.56868,0.2,4.131516,0.623459
2023-03-15 00:00:00,0.0708,2,0.054096,21.773416,1,0,6.520919,1.145882,1320,82.980401,17.104205,1.555597,3.259417,0.134175,76.482725,52.804478,23.766088,13.61256,3.884685,0.513619,416.155098,17.029995,0.300294,17.785964,0,23.048991,17.62643,0.2,3.905016,0.589258
2023-03-16 00:00:00,0.0708,2,0.054096,21.785312,1,0,6.520919,1.145882,1335,87.296886,23.009859,0.57266,3.485797,0.143528,75.151491,55.686593,25.033679,14.546584,5.072048,0.552169,416.107229,17.028036,0.300259,17.787988,0,21.066563,15.896898,0.2,3.692265,0.557133
2023-03-17 00:00:00,0.0708,2,0.054096,21.789117,1,0,6.520919,1.145882,2348,91.880077,28.695372,0.40778,3.760834,0.154864,77.29152,56.27017,27.369173,14.890718,6.459818,0.568623,416.059463,17.026081,0.300225,17.787993,0,19.229723,14.327317,0.2,3.490102,0.526606
2023-03-18 00:00:00,0.0708,2,0.054096,21.790777,1,0,6.520919,1.145882,1324,95.660456,33.60569,0.291992,4.066028,0.167437,78.289717,56.932468,28.909041,15.235724,7.446023,0.58476,416.011711,17.024127,0.30019,17.787993,0,17.544507,12.904145,0.2,3.298596,0.497689
2023-03-19 00:00:00,0.0708,2,0.054096,21.825383,1,0,6.520919,1.145882,1369,100.09188,38.977817,0.207444,4.418622,0.182082,78.868206,57.206616,30.186615,15.475033,8.310937,0.596892,415.963209,17.022142,0.300155,17.787979,0,16.070687,11.654428,0.2,3.119612,0.470662
2023-03-20 00:00:00,0.0597,2,0.054096,21.826729,1,0,6.520919,1.145882,1405,104.410789,44.550953,0.148002,4.805131,0.198014,80.278557,57.709665,31.94127,15.74984,9.399417,0.609963,415.915334,17.020183,0.300121,17.787972,0,14.659401,10.494113,0.2,2.948071,0.444759
2023-03-21 00:00:00,0.0507,2,0.054096,21.835146,1,0,6.52092,1.145882,2215,109.143039,50.659389,0.107232,5.274455,0.217391,81.78908,57.904005,33.711652,15.943169,10.48611,0.619958,415.86732,17.018218,0.300086,17.787864,0,13.38594,9.460335,0.2,2.786516,0.420364
2023-03-22 00:00:00,0.0708,2,0.054095,21.872343,1,0,6.52093,1.145882,2360,114.983967,58.152385,0.082589,5.888653,0.242885,84.48425,57.958752,36.12198,16.100176,11.854426,0.628625,415.818436,17.016218,0.300051,17.787417,0,12.269249,8.554489,0.2,2.635219,0.397519
2023-03-23 00:00:00,0.024,2,0.054095,21.874223,1,0,6.520933,1.145882,2216,118.780564,63.370721,0.061794,6.396852,0.263856,84.676381,58.386952,36.989505,16.320493,12.490642,0.639089,415.770387,17.014252,0.300016,17.787406,0,11.187969,7.699969,0.2,2.489841,0.375566
2023-03-24 00:00:00,0.0345,2,0.054095,21.904443,1,0,6.520973,1.145882,2261,123.631531,69.644168,0.053083,6.958347,0.28719,85.719322,58.672908,38.312653,16.505049,13.325998,0.648299,415.721285,17.012243,0.299981,17.787096,0,10.239304,6.952976,0.2,2.353571,0.35499
2023-03-25 00:00:00,0.0228,2,0.054095,21.908312,1,0,6.520998,1.145882,2437,127.978942,75.559233,0.03804,7.537603,0.311122,86.674518,59.012056,39.634425,16.68112,14.180037,0.656759,415.672988,17.010267,0.299946,17.787028,0,9.336524,6.258579,0.2,2.223444,0.335341
2023-03-26 00:00:00,0.0627,2,0.054095,21.964313,1,0,6.52115,1.145884,2311,131.623938,80.816641,0.031296,8.152568,0.336887,86.91335,59.246407,40.328177,16.809595,14.678862,0.663108,415.621933,17.008184,0.299908,17.78638,0,8.563298,5.655077,0.2,2.101496,0.316926
2023-03-27 00:00:00,0.0197,2,0.054095,21.966836,1,0,6.521331,1.145886,2269,136.085407,86.945431,0.021961,8.790855,0.363291,87.93109,59.429075,41.657026,16.898278,15.530823,0.667417,415.573064,17.006188,0.299872,17.786032,0,7.804518,5.08934,0.2,1.984896,0.29932
2023-03-28 00:00:00,0.0358,2,0.054092,21.98091,1,0,6.522424,1.1459,2171,140.369925,92.772609,0.083178,9.486311,0.392207,87.954764,59.125963,42.292504,16.746464,16.029573,0.660593,415.518775,17.004012,0.299824,17.782895,0,7.124356,4.603023,0.2,1.875228,0.28276
2023-03-29 00:00:00,0.0305,2,0.054085,21.996833,1,0,6.523941,1.145944,2704,143.93454,97.594383,0.207528,10.181114,0.421163,86.706253,58.791065,42.057766,16.59387,16.087918,0.653659,415.452929,17.001454,0.299748,17.776345,0,6.505421,4.179267,0.2,1.771871,0.267153
2023-03-30 00:00:00,0.0405,2,0.053046,22.051753,1,0,6.552818,1.150421,2122,143.105388,96.398194,0.546413,10.412864,0.433128,83.955974,57.84044,40.110451,15.778101,15.153149,0.611533,413.688897,16.938479,0.293845,17.621618,0,6.896777,5.264703,0.20012,1.828289,0.275671
2023-03-31 00:00:00,0.0444,2,0.033267,22.248684,1,0,6.907937,1.229891,2352,76.062969,5.561538,1.658228,2.615006,0.115118,70.993021,57.386397,19.02292,11.212702,2.507617,0.351284,384.405497,15.877125,0.182959,15.392833,0,27.344103,30.954871,0.353769,4.958556,0.748326
2023-04-01 00:00:00,0.0708,2,0.02135,21.471914,1,0,9.217941,1.252975,2361,79.420095,6.937893,1.854515,1.648296,0.095349,60.025156,113.958994,12.943101,16.180823,1.384654,0.377109,388.133237,15.919694,0.129934,16.635499,0,13.217561,14.410633,1.171877,6.414999,0.968233
2023-04-02 00:00:00,0.0708,2,0.018805,21.142339,1,0,9.731993,1.25719,2359,80.375794,7.473797,2.43856,1.467248,0.089026,59.738763,123.798303,11.90533,17.065407,1.144862,0.380852,388.658209,15.939624,0.118637,16.919521,0,9.229058,9.873784,1.221636,6.440231,0.97204
2023-04-03 00:00:00,0.0702,2,0.018805,21.142894,1,0,9.731993,1.25719,2351,81.560236,8.114128,3.237036,1.520347,0.092249,63.030799,119.007632,12.366679,16.570906,1.169324,0.374878,388.615773,15.937884,0.118624,16.918058,0,8.45683,8.937064,1.044692,6.101409,0.920878
2023-04-04 00:00:00,0.0708,2,0.018805,21.144948,1,0,9.731993,1.25719,2354,82.760568,8.867359,3.714228,1.574084,0.095513,65.765177,114.673782,12.769073,16.118747,1.202974,0.36928,388.573332,15.936143,0.118611,16.916672,0,7.750913,8.090427,0.893495,5.780693,0.87245
2023-04-05 00:00:00,0.0708,2,0.018805,21.14559,1,0,9.731993,1.25719,2365,85.128989,10.625783,4.054736,1.642195,0.099647,67.894895,111.185246,13.245114,15.765938,1.333861,0.36541,388.530896,15.934403,0.118598,16.915482,0,7.102166,7.322625,0.764329,5.47649,0.826515
2023-04-06 00:00:00,0.0706,2,0.018805,21.147911,1,0,9.731998,1.25719,2360,88.168795,13.385623,3.808104,1.725094,0.104683,68.384997,110.138144,13.698489,15.742457,1.591241,0.368701,388.488453,15.932662,0.118585,16.914917,0,6.509403,6.629261,0.654992,5.18861,0.783045
2023-04-07 00:00:00,0.0708,2,0.018805,21.156204,1,0,9.732086,1.25719,2349,91.60788,17.35966,2.108693,1.824338,0.110724,63.218551,114.410874,13.498611,16.463339,1.926274,0.388961,388.445935,15.930919,0.118572,16.916207,0,5.971282,6.005041,0.566309,4.916759,0.741996
2023-04-08 00:00:00,0.0706,2,0.018805,21.156475,1,0,9.732099,1.25719,2336,95.19054,21.32908,1.5989,1.940566,0.117779,63.484784,114.680873,14.675488,16.608025,2.662721,0.395657,388.403478,15.929177,0.118559,16.916191,0,5.470674,5.434288,0.485371,4.657737,0.702883
2023-04-09 00:00:00,0.0618,2,0.015058,20.318417,1,0,9.213146,1.244338,2399,80.321433,7.916907,4.032268,1.221358,0.069021,69.530837,94.46991,12.684614,13.198606,1.36769,0.287713,385.040127,15.963101,0.101537,16.566498,0,6.51759,5.918085,0.647643,6.531985,0.985894
2023-04-10 00:00:00,0.0305,2,0.014791,19.817497,1,0,9.280828,1.241592,2732,79.975383,7.891689,4.457949,1.21199,0.068313,69.271287,95.780395,12.519145,13.41211,1.310828,0.290311,384.075339,15.964681,0.100452,16.59826,0,5.624947,5.046614,0.653604,6.298999,0.950714
2023-04-11 00:00:00,0.0297,2,0.01456,20.317701,1,0,9.050893,1.236986,2702,79.151225,7.583222,4.428349,1.176766,0.065329,69.353394,91.105677,12.608256,12.80625,1.379325,0.275508,382.948023,15.966195,0.0994,16.450626,0,6.0585,5.180044,0.636345,6.486449,0.97902
2023-04-12 00:00:00,0.0476,2,0.014285,19.818328,1,0,9.159262,1.233049,2519,78.373765,7.427848,4.724659,1.150714,0.064011,68.477658,94.353209,12.330533,13.289911,1.299341,0.282647,381.564413,15.968191,0.098312,16.504765,0,5.153147,4.364787,0.6707,6.27328,0.946832
2023-04-13 00:00:00,0.0708,2,0.014285,19.818872,1,0,9.159262,1.233049,2350,79.311252,7.90002,5.421737,1.2021,0.06687,70.134562,90.811833,12.565421,12.876728,1.305606,0.277056,381.526787,15.966616,0.098302,16.503414,0,4.762218,3.989111,0.58236,5.970857,0.901167
2023-04-14 00:00:00,0.0706,2,0.013863,20.237457,1,0,9.031721,1.235208,2370,76.406086,6.901028,4.663727,1.079906,0.059729,67.987806,90.652593,12.295496,12.84632,1.341437,0.269198,379.045526,15.97772,0.096457,16.346336,0,5.241605,4.159043,0.664632,6.428117,0.970215
2023-04-15 00:00:00,0.0557,2,0.013617,19.561394,1,0,9.192801,1.247445,2443,75.067451,6.566415,4.554907,1.024218,0.056893,66.809992,93.150186,12.04829,13.134654,1.302087,0.271133,378.220871,16.004359,0.095167,16.354541,0,4.977562,3.854944,0.719801,6.485252,0.978845
2023-04-16 00:00:00,0.0508,2,0.013414,19.386873,1,0,9.504348,1.264043,2471,74.257488,6.455772,4.723629,0.996693,0.057043,66.134822,97.345248,11.800371,13.645012,1.217845,0.278828,378.251229,16.047009,0.0941,16.455412,0,4.22523,3.263571,0.7485,6.277595,0.94749
2023-04-17 00:00:00,0.0305,2,0.013414,19.387481,1,0,9.504348,1.264043,2722,75.104133,6.90535,5.374871,1.043116,0.0597,67.960497,93.71915,12.053362,13.209033,1.223247,0.272801,378.215148,16.045478,0.094091,16.45409,0,3.914845,2.991494,0.652923,5.983493,0.903081
2023-04-18 00:00:00,0.0115,2,0.013414,19.390251,1,0,9.504348,1.264043,2537,76.051654,7.493526,5.793713,1.090668,0.062425,69.27274,90.553329,12.246272,12.829167,1.234696,0.267601,378.179059,16.043947,0.094082,16.45289,0,3.62862,2.742841,0.569642,5.703657,0.860825
2023-04-19 00:00:00,0.0282,2,0.013414,19.390962,1,0,9.504348,1.264043,2732,77.702172,8.612293,6.10744,1.145904,0.065588,70.324769,87.78953,12.47454,12.499477,1.290561,0.263209,378.142975,16.042417,0.094073,16.451784,0,3.362077,2.514182,0.497001,5.436415,0.820472
2023-04-20 00:00:00,0.0303,2,0.012984,18.647348,1,0,10.058672,1.343603,2717,72.430614,6.503124,4.867472,0.947418,0.056551,67.176761,93.64985,11.915274,12.799003,1.249796,0.258105,381.692569,16.258287,0.090641,16.450665,0,4.00068,2.8488,0.684121,6.251502,0.943555
2023-04-21 00:00:00,0.0014,2,0.012919,18.189565,1,0,10.20022,1.367463,2299,72.076038,6.529138,4.909716,0.940718,0.056427,67.456001,92.481993,11.963563,12.535437,1.268925,0.252185,383.116833,16.322386,0.089824,16.446538,0,4.037093,2.817706,0.669198,6.264445,0.945511
2023-04-22 00:00:00,0.0648,2,0.012855,17.914874,1,0,10.33194,1.391339,2330,71.81385,6.60883,4.972405,0.938962,0.05674,67.764767,91.137588,12.02179,12.251147,1.292422,0.246017,384.62286,16.386565,0.089051,16.439475,0,4.018397,2.744412,0.64474,6.235357,0.94112
2023-04-23 00:00:00,0.0398,2,0.012855,17.915487,1,0,10.33194,1.391339,2536,72.619918,7.056472,5.516744,0.982634,0.05938,69.073546,88.169296,12.186597,11.913237,1.296081,0.241753,384.590101,16.38517,0.089044,16.438322,0,3.753781,2.539217,0.570742,5.970337,0.901102
2023-04-24 00:00:00,0,2,0.012744,17.88057,1,0,10.650798,1.444867,0,71.320052,6.765615,5.082042,0.937165,0.058339,68.288576,89.054501,12.10728,11.745646,1.330842,0.234989,388.186397,16.530135,0.087434,16.4436,0,4.068487,2.672302,0.613969,6.215077,0.93806
2023-04-25 00:00:00,0.0265,2,0.012696,17.516572,1,0,10.73632,1.479017,2735,70.817271,6.785059,4.952766,0.926253,0.057705,68.540721,86.443567,12.229844,11.250047,1.403278,0.224101,390.5556,16.62174,0.086424,16.38808,0,4.325845,2.743926,0.587775,6.314297,0.953044
2023-04-26 00:00:00,0.0305,2,0.012623,16.330542,1,0,11.086036,1.518527,2723,70.199783,6.797885,4.871436,0.908707,0.057099,68.007376,89.238843,12.096938,11.382087,1.382692,0.224039,393.859013,16.747224,0.085124,16.47606,0,3.994847,2.514348,0.604452,6.218688,0.93861
2023-04-27 00:00:00,0.0305,2,0.012456,16.240141,1,0,12.135847,1.578735,2710,68.4377,6.406415,4.427272,0.833239,0.057213,65.307315,106.79849,11.346967,13.058405,1.16115,0.24859,401.285796,17.025115,0.082375,16.938795,0,3.180203,2.086837,0.806254,6.089876,0.919167
2023-04-28 00:00:00,0.0304,2,0.012364,16.109397,1,0,12.385912,1.596771,2634,67.591202,6.309121,4.235223,0.800487,0.055952,64.804259,111.412106,11.13938,13.376582,1.10529,0.251352,404.953992,17.148672,0.080721,17.087864,0,2.897252,1.918407,0.832789,6.015965,0.908012
2023-04-29 00:00:00,0.0305,2,0.012307,15.581052,1,0,12.410034,1.599037,2729,67.018823,6.264917,4.098541,0.78034,0.054081,64.672887,113.159591,11.031686,13.422447,1.08345,0.24994,407.186435,17.205759,0.079402,17.160946,0,2.702862,1.796489,0.822852,5.936691,0.896048
2023-04-30 00:00:00,0.0088,2,0.012307,15.581379,1,0,12.41003,1.599037,2745,67.596595,6.554482,4.600809,0.810592,0.056178,66.548244,109.919341,11.224203,13.081831,1.087002,0.245428,407.157455,17.204535,0.079396,17.159912,0,2.553214,1.683502,0.743289,5.720493,0.863402
2023-05-01 00:00:00,0.0194,2,0.012307,15.583049,1,0,12.409806,1.599037,2742,68.175263,6.883993,4.973322,0.840881,0.058278,68.08163,106.992866,11.379027,12.773794,1.091057,0.241365,407.128481,17.20331,0.07939,17.158949,0,2.412233,1.577808,0.673841,5.512349,0.831972
2023-05-02 00:00:00,0.0194,2,0.012307,15.58345,1,0,12.409433,1.599037,2688,69.062387,7.422936,5.319691,0.874143,0.060582,69.410381,104.323311,11.535406,12.491987,1.109883,0.237645,407.099519,17.202086,0.079385,17.158032,0,2.278656,1.478574,0.613344,5.31158,0.801656
2023-05-03 00:00:00,0.0093,2,0.012307,15.585054,1,0,12.404154,1.59901,2115,70.121947,8.196772,5.399962,0.90945,0.063004,69.997416,102.668927,11.623321,12.315666,1.139238,0.235535,407.073659,17.200889,0.079376,17.157597,0,2.152854,1.386204,0.564402,5.118594,0.772515
2023-05-04 00:00:00,0.0318,2,0.012304,15.592855,1,0,12.382627,1.598489,2461,71.562911,9.437743,5.114299,0.947298,0.065522,69.499733,102.289529,11.638457,12.27095,1.202437,0.235449,407.115162,17.200302,0.079307,17.159524,0,2.037436,1.3036,0.519545,4.940434,0.745613
2023-05-05 00:00:00,0.0233,2,0.012304,15.593252,1,0,12.382516,1.598489,2756,73.290607,10.998116,4.719678,0.991432,0.068575,69.086947,101.579297,11.755862,12.218974,1.319539,0.235881,407.086082,17.199076,0.079302,17.159251,0,1.92452,1.221533,0.469697,4.760363,0.718423
2023-05-06 00:00:00,0,2,0.012304,15.594321,1,0,12.375734,1.598426,0,75.456704,13.131301,3.829106,1.043274,0.072122,68.049124,101.878654,11.943783,12.273526,1.523499,0.238031,407.064865,17.197921,0.079289,17.159732,0,1.818244,1.14542,0.428194,4.587715,0.692353
2023-05-07 00:00:00,0.0207,2,0.012295,15.605288,1,0,12.342749,1.596622,2725,77.227981,15.045985,3.122167,1.090412,0.075196,67.672072,101.463639,12.51881,12.222796,1.919207,0.237745,407.294769,17.199029,0.079051,17.164888,0,1.72653,1.081712,0.391193,4.446326,0.671004
2023-05-08 00:00:00,0.02,2,0.01219,14.709622,1,0,9.646776,1.382306,2680,66.939766,7.141294,4.685411,0.865891,0.04585,68.258255,90.470272,11.446551,10.388718,1.372,0.189864,402.95717,16.630382,0.07275,16.648424,0,2.300948,1.396321,0.429171,5.019922,0.757664
2023-05-09 00:00:00,0,2,0.01217,14.367083,1,0,9.388649,1.336338,0,66.797862,6.996716,4.845063,0.875551,0.044816,67.512755,93.381875,11.201192,10.669214,1.306054,0.193529,401.057076,16.482069,0.071938,16.683865,0,2.071714,1.271781,0.440646,4.80275,0.724879
2023-05-10 00:00:00,0.0172,2,0.01217,14.367834,1,0,9.388649,1.336338,2103,67.264953,7.177869,5.365478,0.907675,0.046461,68.678856,90.865885,11.295809,10.411914,1.29995,0.190191,401.031078,16.481001,0.071933,16.682924,0,1.967089,1.198772,0.401615,4.641462,0.700525
2023-05-11 00:00:00,0.0175,2,0.012137,15.611435,1,0,8.409238,1.224943,2776,66.315748,6.803659,4.730537,0.880538,0.041376,65.955769,93.103883,10.931537,10.499644,1.323763,0.187034,396.022241,16.089406,0.069954,16.529025,0,1.961938,1.191375,0.424094,4.555003,0.68749
2023-05-12 00:00:00,0.0305,2,0.012109,15.565224,1,0,8.167523,1.168978,2735,65.812969,6.518896,4.81805,0.877449,0.040009,64.730439,98.807772,10.552122,11.044556,1.217525,0.19517,393.790961,15.888648,0.068965,16.617416,0,1.713219,1.065013,0.449544,4.309691,0.65046
2023-05-13 00:00:00,0.0167,2,0.012109,15.566133,1,0,8.167523,1.168978,2715,66.358329,6.75245,5.349821,0.911179,0.041548,66.208245,95.904092,10.680158,10.748952,1.214374,0.191225,393.762969,15.887519,0.068961,16.616398,0,1.61866,0.998195,0.406078,4.153016,0.626802
2023-05-14 00:00:00,0.0577,2,0.012109,15.569111,1,0,8.167523,1.168978,2406,66.916561,7.027951,5.753938,0.944929,0.04309,67.423002,93.228166,10.782572,10.476487,1.212503,0.187595,393.734968,15.886389,0.068956,16.615432,0,1.52975,0.935752,0.366857,4.00227,0.604039
2023-05-15 00:00:00,0.0418,2,0.012109,15.56989,1,0,8.167523,1.168978,2419,67.791129,7.514286,6.138484,0.981637,0.044764,68.493846,90.729432,10.89609,10.22171,1.226179,0.184192,393.706971,15.885259,0.068951,16.614497,0,1.445233,0.876998,0.331418,3.856696,0.582057
2023-05-16 00:00:00,0.0147,2,0.012109,15.572291,1,0,8.167523,1.168978,2714,68.907836,8.244449,6.318994,1.021269,0.046574,69.135419,88.73545,10.988408,10.021776,1.254781,0.181694,393.678969,15.884129,0.068946,16.613714,0,1.365673,0.822096,0.299553,3.716578,0.560899
2023-05-17 00:00:00,0.0256,2,0.012109,15.580797,1,0,8.167523,1.168978,2737,70.389964,9.392536,6.194932,1.065598,0.048604,68.816985,87.614053,11.011194,9.919391,1.304074,0.180933,393.650915,15.882997,0.068941,16.613296,0,1.291588,0.77109,0.270934,3.582145,0.5406
2023-05-18 00:00:00,0,2,0.012109,15.581893,1,0,8.167523,1.168978,0,72.019729,10.793992,5.963696,1.112212,0.050731,68.827338,86.462886,11.177082,9.811371,1.417485,0.179966,393.622899,15.881867,0.068936,16.612824,0,1.220195,0.722646,0.244818,3.451769,0.520913
2023-05-19 00:00:00,0.016,2,0.012109,15.585787,1,0,8.167523,1.168978,2717,74.623087,13.274947,5.28209,1.174275,0.053566,68.306083,86.518941,11.520989,9.839333,1.672252,0.181453,393.594866,15.880736,0.068931,16.612753,0,1.153218,0.677557,0.221773,3.326416,0.501985
2023-05-20 00:00:00,0.0239,2,0.012109,15.58712,1,0,8.167523,1.168978,2742,77.012697,15.748021,4.593651,1.239324,0.056535,68.140066,86.599024,12.100591,9.868637,2.044666,0.182905,393.566839,15.879605,0.068926,16.61269,0,1.089505,0.635039,0.200641,3.205337,0.483702
2023-05-21 00:00:00,0,2,0.012109,15.610942,1,0,8.167522,1.168978,0,79.525093,18.785335,2.918722,1.319639,0.060227,66.61292,87.521669,12.800581,9.991946,2.579118,0.186034,393.538519,15.878463,0.068921,16.613302,0,1.031623,0.596001,0.2,3.089662,0.466235
2023-05-22 00:00:00,0.0171,2,0.012109,15.611806,1,0,8.167522,1.168978,2757,82.005345,21.531822,2.380755,1.409066,0.064309,66.797258,87.426445,13.682633,9.998949,3.109587,0.187005,393.510445,15.87733,0.068916,16.613299,0,0.974461,0.55848,0.2,2.976978,0.44922
2023-05-23 00:00:00,0.0247,2,0.012109,15.616921,1,0,8.167513,1.168978,2738,84.625197,24.423352,1.948779,1.513155,0.069067,67.191947,86.682973,14.671622,9.9324,3.689911,0.18662,393.482325,15.876195,0.068911,16.613244,0,0.920977,0.523633,0.2,2.868685,0.432868
2023-05-24 00:00:00,0.0081,2,0.012109,15.639258,1,0,8.167452,1.168978,2603,87.839554,27.791968,1.71045,1.648767,0.075289,68.441906,85.344098,15.922988,9.79891,4.370712,0.185041,393.453913,15.875049,0.068906,16.612879,0,0.871966,0.491591,0.2,2.764921,0.417199
2023-05-25 00:00:00,0.0305,2,0.012109,15.645313,1,0,8.167347,1.168977,2706,89.897963,30.001736,1.53667,1.777472,0.081175,68.371731,85.010068,16.463198,9.775494,4.712869,0.185339,393.425703,15.873909,0.068901,16.61276,0,0.824037,0.460796,0.2,2.664104,0.401976
2023-05-26 00:00:00,0.0264,2,0.012109,15.665411,1,0,8.165399,1.168928,2721,91.605135,31.672075,1.52675,1.907332,0.08712,68.224896,84.364112,16.637765,9.714811,4.840561,0.184991,393.397644,15.872617,0.068896,16.612388,0,0.779852,0.432391,0.2,2.567289,0.387357
2023-05-27 00:00:00,0,2,0.012109,15.70281,1,0,8.140448,1.167994,0,93.907232,34.005886,1.549194,2.053568,0.093582,69.562693,84.093663,17.518419,9.660459,5.294136,0.18457,393.377211,15.868745,0.06888,16.611804,0,0.739728,0.406604,0.2,2.473827,0.373244
2023-05-28 00:00:00,0.0273,2,0.012109,15.704998,1,0,8.123595,1.167845,2742,96.624694,37.165265,1.269633,2.212624,0.100626,70.505628,84.354874,18.838837,9.671687,6.035729,0.18539,393.350085,15.867242,0.068873,16.611781,0,0.69865,0.381084,0.2,2.383079,0.359542
2023-05-29 00:00:00,0.0034,2,0.012109,15.706212,1,0,8.111693,1.167792,2735,98.228247,38.817662,1.125706,2.370959,0.107671,69.149124,84.54648,18.613327,9.681363,6.003313,0.186114,393.322139,15.866,0.068868,16.611768,0,0.659709,0.357043,0.2,2.295621,0.346335
2023-05-30 00:00:00,0,2,0.012107,15.73172,1,0,7.980792,1.1619,0,97.435596,37.124956,1.2213,2.399881,0.10728,64.259784,85.491046,15.806793,9.656617,4.66168,0.185845,393.347366,15.847732,0.068794,16.611409,0,0.626982,0.337564,0.2,2.209092,0.333272
2023-05-31 00:00:00,0,2,0.012107,15.737931,1,0,7.883569,1.159623,0,99.550171,39.30952,1.075809,2.524061,0.11147,63.59432,86.165239,15.971307,9.628989,4.817637,0.185622,393.338663,15.840357,0.068764,16.61127,0,0.593099,0.317583,0.2,2.126988,0.320875
2023-06-01 00:00:00,0.0251,2,0.012103,15.789247,1,0,7.6136,1.139139,2651,99.59998,39.678173,1.114006,2.574335,0.109909,62.898879,87.120177,15.729922,9.562643,4.744014,0.184398,393.501255,15.77852,0.068513,16.610537,0,0.570321,0.304569,0.2,2.040005,0.307748
2023-06-02 00:00:00,0.0708,2,0.011993,15.436888,1,0,5.961793,0.824504,2365,56.580543,6.198861,9.51006,0.945623,0.031394,66.473324,111.135892,9.641892,11.667539,1.217227,0.218196,426.932341,14.932899,0.070384,17.433011,0,0.572457,0.3196,0.2,1.465444,0.221164
2023-06-03 00:00:00,0.0639,2,0.011993,15.438357,1,0,5.961793,0.824504,2314,57.18289,6.476243,9.932879,0.979992,0.032536,68.183205,107.905882,9.796953,11.337485,1.217044,0.212438,426.90229,14.931848,0.070379,17.431975,0,0.541205,0.299759,0.2,1.412647,0.213192
2023-06-04 00:00:00,0,2,0.011993,15.443136,1,0,5.961793,0.824504,0,57.805011,6.80388,10.209839,1.014526,0.033685,69.578415,104.967215,9.92496,11.039854,1.218658,0.207329,426.872224,14.930796,0.070374,17.431002,0,0.511912,0.281247,0.2,1.361894,0.205528
2023-06-05 00:00:00,0,2,0.011978,15.648654,1,0,6.771458,0.847352,0,54.560435,5.203297,10.834583,0.884362,0.033487,64.448487,144.808504,8.626183,16.028812,0.855125,0.297089,461.737031,15.127678,0.07779,18.692591,0,0.310604,0.203387,0.2,0.891867,0.134605
2023-06-06 00:00:00,0.0014,2,0.011913,13.653116,1,0,7.388424,0.86761,175,53.199343,4.505092,11.322135,0.827706,0.032873,61.613813,170.97147,7.781877,19.364396,0.59376,0.357488,482.886794,15.236426,0.082495,19.525866,0,0.2,0.2,0.2,0.560677,0.084625
2023-06-07 00:00:00,0,2,0.011943,12.320732,1,0,7.591958,0.881841,0,53.27569,4.508728,11.701355,0.831676,0.033056,61.862136,176.654874,7.680919,20.252063,0.551424,0.37355,493.047124,15.3258,0.084791,19.827748,0,0.2,0.2,0.2,0.417752,0.063054
2023-06-08 00:00:00,0,2,0.011943,12.320969,1,0,7.592004,0.881841,0,53.627366,4.66134,12.082006,0.845008,0.033587,64.99242,172.379788,8.047328,19.76352,0.562235,0.364615,493.019858,15.324951,0.084787,19.82679,0,0.2,0.2,0.2,0.405506,0.061205
2023-06-09 00:00:00,0.0099,2,0.011943,12.321382,1,0,7.592004,0.881841,2041,53.990763,4.831273,12.383271,0.858611,0.034128,67.885139,168.275943,8.387519,19.294418,0.573201,0.35603,492.992555,15.324103,0.084782,19.825833,0,0.2,0.2,0.2,0.393621,0.05941
2023-06-10 00:00:00,0.0417,2,0.011943,12.322523,1,0,7.592004,0.881841,2025,54.448696,5.067856,12.656211,0.873285,0.034712,70.515465,164.403248,8.705266,18.853619,0.587483,0.348018,492.96525,15.323254,0.084777,19.824907,0,0.2,0.2,0.2,0.382088,0.057669
2023-06-11 00:00:00,0.0417,2,0.011943,12.323529,1,0,7.592004,0.881841,2006,55.040717,5.399706,12.88572,0.889461,0.035355,72.834696,160.807787,8.99563,18.442355,0.606733,0.340493,492.937945,15.322405,0.084773,19.824028,0,0.2,0.2,0.2,0.370893,0.055978
2023-06-12 00:00:00,0.0583,2,0.011947,13.621054,1,0,6.826158,0.795497,2133,63.862841,4.978653,14.121954,0.870807,0.031932,70.663005,184.886693,8.376565,21.942025,0.543021,0.349277,550.177864,16.134237,0.081385,21.090678,0,0.202802,0.2,0.2,0.40047,0.060447
2023-06-13 00:00:00,0.0233,2,0.01194,13.557173,1,0,6.670069,0.768902,2260,67.193186,4.929655,14.757677,0.871743,0.031196,72.522069,191.977496,8.431267,22.906002,0.489073,0.347757,566.320103,16.38114,0.079433,21.527671,0,0.2,0.2,0.2,0.415514,0.062717
2023-06-14 00:00:00,0.0051,2,0.01194,13.558792,1,0,6.670069,0.768902,2013,67.581104,5.111625,15.041466,0.885248,0.03168,76.018625,186.985343,8.874141,22.312102,0.50194,0.338839,566.285608,16.380142,0.079428,21.526536,0,0.2,0.2,0.2,0.402302,0.060722
2023-06-15 00:00:00,0,2,0.01194,13.560196,1,0,6.670069,0.768902,0,68.163091,5.421735,15.322065,0.900801,0.032238,79.165624,182.310637,9.287547,21.7558,0.521811,0.330476,566.251111,16.379145,0.079423,21.525442,0,0.2,0.2,0.2,0.38951,0.05879
2023-06-16 00:00:00,0,2,0.01194,13.5645,1,0,6.670069,0.768902,0,68.855766,5.825448,15.494889,0.917863,0.032851,81.845027,178.035464,9.653415,21.247048,0.546033,0.322829,566.216591,16.378146,0.079419,21.524421,0,0.2,0.2,0.2,0.377143,0.056923
2023-06-17 00:00:00,0,2,0.011922,14.22349,1,0,5.580547,0.661268,0,80.704565,5.245707,16.854055,0.873518,0.026501,81.425404,191.621135,9.321994,23.269817,0.562464,0.288624,627.487465,17.325915,0.070694,22.675245,0,0.204669,0.201224,0.2,0.51277,0.077397
2023-06-18 00:00:00,0,2,0.011915,13.815641,1,0,5.376827,0.626712,0,84.982897,5.118305,17.606896,0.868898,0.025194,83.018995,203.055854,9.277825,24.777002,0.479541,0.287461,647.401167,17.635889,0.067761,23.243634,0,0.2,0.2,0.2,0.540316,0.081555
2023-06-19 00:00:00,0,2,0.011914,13.805125,1,0,5.133979,0.600067,0,88.346866,5.169253,18.154394,0.868515,0.024041,85.331408,204.015322,9.492529,24.982921,0.482844,0.275311,662.458326,17.869912,0.065515,23.552556,0,0.2,0.2,0.2,0.563252,0.085017
2023-06-20 00:00:00,0,2,0.011914,13.806276,1,0,5.133979,0.600067,0,88.817355,5.408335,18.461156,0.882966,0.024441,88.931637,198.62321,9.978927,24.324744,0.496795,0.268194,662.417199,17.868803,0.065511,23.551294,0,0.2,0.2,0.2,0.545044,0.082267
2023-06-21 00:00:00,0,2,0.011898,13.604934,1,0,4.660287,0.5412,0,96.678928,5.128157,19.429015,0.858827,0.021494,88.876825,215.323441,9.643685,26.593342,0.433245,0.25565,700.449333,18.456786,0.059721,24.433314,0,0.2,0.2,0.203899,0.710708,0.107274
2023-06-22 00:00:00,0.0008,2,0.011905,13.362671,1,0,4.569292,0.526072,2230,99.609911,5.035033,19.705662,0.849564,0.020747,89.400763,222.299995,9.599987,27.529598,0.384975,0.245805,713.866318,18.744405,0.056122,24.786813,0,0.214712,0.211803,0.251788,0.94342,0.1424
2023-06-23 00:00:00,0,2,0.011913,13.446691,1,0,4.474097,0.523494,0,100.131922,5.263082,19.650194,0.852336,0.020415,91.339378,212.160868,10.006281,26.282289,0.4496,0.227108,714.410527,18.834384,0.054268,24.651798,0,0.24291,0.234625,0.257081,1.085325,0.163819
2023-06-24 00:00:00,0,2,0.011927,12.747338,1,0,4.544319,0.523691,0,99.327798,5.064249,19.018383,0.839757,0.020148,88.751683,220.046669,9.709589,27.242191,0.365,0.215744,710.027261,19.024875,0.049482,24.669808,0,0.306005,0.298513,0.37218,1.486404,0.224359
2023-06-25 00:00:00,0,2,0.011932,12.538884,1,0,4.545912,0.526328,0,98.461748,5.153945,18.609688,0.838277,0.020037,88.749956,215.520752,9.861666,26.661419,0.376264,0.200764,704.280861,19.103757,0.046734,24.496277,0,0.349798,0.339457,0.413508,1.718612,0.259408
2023-06-26 00:00:00,0.0003,2,0.011941,12.45996,1,0,4.588085,0.531174,3127,96.961257,5.181045,17.985457,0.83392,0.020086,87.704894,213.605897,9.889113,26.390773,0.365696,0.18588,695.653607,19.190514,0.043318,24.301434,0,0.408268,0.39585,0.483308,2.02185,0.305179
2023-06-27 00:00:00,0,2,0.011956,12.384717,1,0,4.640671,0.536939,0,95.286137,5.206576,17.324336,0.829719,0.020184,86.642951,211.783155,9.920468,26.128467,0.353741,0.17121,686.190105,19.272551,0.039894,24.095807,0,0.470744,0.456104,0.556385,2.33208,0.352005
2023-06-28 00:00:00,0,2,0.011956,12.386128,1,0,4.640671,0.536939,0,95.65589,5.387381,17.646355,0.839692,0.020427,90.14863,206.680602,10.39073,25.510697,0.364417,0.167825,686.151916,19.271478,0.039891,24.094625,0,0.450316,0.433572,0.513842,2.263506,0.34165
2023-06-29 00:00:00,0,2,0.011956,12.389276,1,0,4.640671,0.536939,0,96.042465,5.59105,17.899437,0.849963,0.020678,93.395946,201.775673,10.830276,24.916535,0.375864,0.164556,686.113714,19.270405,0.039889,24.09346,0,0.430855,0.412212,0.474629,2.19703,0.331613
2023-06-30 00:00:00,0.0004,2,0.011956,12.392347,1,0,4.640671,0.536939,1139,96.451605,5.824297,18.078193,0.860683,0.020941,96.329747,197.144684,11.232919,24.356084,0.38827,0.161518,686.075507,19.269332,0.039887,24.09233,0,0.412224,0.391903,0.438554,2.132484,0.321866
2023-07-01 00:00:00,0,2,0.011956,12.400807,1,0,4.640672,0.536939,0,97.026254,6.176957,18.208431,0.873301,0.021251,98.812167,192.888617,11.589971,23.840654,0.406845,0.158697,686.037241,19.268257,0.039885,24.091276,0,0.394628,0.372747,0.405854,2.070048,0.312438
2023-07-02 00:00:00,0,2,0.011956,12.404671,1,0,4.640675,0.536939,0,97.747951,6.642767,18.238316,0.887492,0.021598,101.01278,188.932228,11.92413,23.361428,0.43285,0.156061,685.998995,19.267183,0.039883,24.090264,0,0.377584,0.354408,0.377003,2.009223,0.303254
2023-07-03 00:00:00,0,2,0.011956,12.406762,1,0,4.640677,0.536939,0,98.598953,7.227516,18.151263,0.903295,0.021984,102.923893,185.292634,12.238427,22.920615,0.46864,0.153641,685.960746,19.266109,0.03988,24.089307,0,0.361193,0.336904,0.34985,1.950082,0.294323
2023-07-04 00:00:00,0,2,0.011956,12.426976,1,0,4.640722,0.53694,0,99.815722,8.165364,17.618918,0.923576,0.022486,103.616069,182.764832,12.438701,22.616522,0.526174,0.152014,685.92183,19.26503,0.039878,24.088608,0,0.346102,0.320639,0.331328,1.89318,0.285731
2023-07-05 00:00:00,0,2,0.011929,13.022743,1,0,4.922492,0.584218,0,81.441424,5.790842,12.002832,0.810123,0.02117,79.619503,182.557012,10.540551,22.231969,0.383595,0.053003,606.582884,19.79061,0.014244,22.120519,0,0.95823,0.905873,0.971562,4.521262,0.682442
2023-07-06 00:00:00,0,2,0.01191,12.991158,1,0,5.103897,0.591609,0,78.428968,5.462773,10.865861,0.796218,0.02156,75.974403,192.197811,10.109387,23.419778,0.256395,0.044014,593.104814,19.877159,0.010743,22.019036,0,0.938331,0.903289,1.081683,4.623923,0.697936
2023-07-07 00:00:00,0.0005,2,0.01191,12.992676,1,0,5.103897,0.591609,738,78.779594,5.627634,11.211047,0.804395,0.021782,79.354136,187.408013,10.532711,22.861394,0.265574,0.044548,593.070227,19.876,0.010742,22.017909,0,0.895707,0.856586,0.995145,4.482349,0.676558
2023-07-08 00:00:00,0,2,0.01191,12.99389,1,0,5.103897,0.591609,0,79.304462,5.907903,11.561398,0.814361,0.022052,82.409472,182.894271,10.926735,22.333213,0.281264,0.044906,593.035639,19.87484,0.010742,22.016819,0,0.854983,0.812283,0.915643,4.345065,0.655828
2023-07-09 00:00:00,0,2,0.01191,12.999046,1,0,5.103897,0.591609,0,79.821672,6.202261,11.828843,0.824596,0.022332,85.117415,178.648535,11.278458,21.836685,0.296789,0.045278,593.001021,19.87368,0.010741,22.015772,0,0.816489,0.770541,0.842922,4.212361,0.63579
2023-07-10 00:00:00,0,2,0.01191,13.006209,1,0,5.103927,0.591609,0,80.36986,6.544221,11.99187,0.835363,0.022627,87.437003,174.776456,11.586005,21.385343,0.314064,0.045708,592.966216,19.872519,0.01074,22.014776,0,0.779806,0.730966,0.77755,4.083717,0.616365
2023-07-11 00:00:00,0,2,0.01191,13.008389,1,0,5.104275,0.591612,0,81.068432,7.019755,12.02194,0.847888,0.022969,89.231709,171.671456,11.841561,21.033616,0.338497,0.046569,592.928943,19.871365,0.010741,22.013737,0,0.744387,0.693225,0.724512,3.958574,0.597468
2023-07-12 00:00:00,0,2,0.01191,13.017492,1,0,5.106272,0.591648,0,81.836016,7.634669,11.73622,0.861519,0.023351,90.007644,170.221107,11.984384,20.906479,0.368968,0.048857,592.861005,19.870275,0.010759,22.011613,0,0.710954,0.658026,0.680559,3.837323,0.579159
2023-07-13 00:00:00,0,2,0.01191,13.046929,1,0,5.110721,0.591835,0,82.800255,8.582874,10.833749,0.877276,0.023813,89.269725,170.839103,11.99676,21.059953,0.431581,0.053013,592.643387,19.869439,0.010874,22.00586,0,0.679515,0.625553,0.63768,3.718292,0.561186
2023-07-14 00:00:00,0,2,0.011908,13.136259,1,0,5.118117,0.592442,0,83.642455,9.810048,8.836218,0.892962,0.024317,87.673262,172.791256,12.073781,21.410851,0.594627,0.059396,592.033129,19.868946,0.011297,21.991506,0,0.650772,0.596487,0.59175,3.597102,0.54289
2023-07-15 00:00:00,0,2,0.011908,13.193819,1,0,5.120082,0.592895,0,84.171931,10.553007,7.52109,0.906797,0.024731,86.502226,173.200984,12.158231,21.574583,0.733717,0.066062,591.675159,19.86686,0.011771,21.981984,0,0.621674,0.566718,0.5443,3.474691,0.524408
2023-07-16 00:00:00,0,2,0.011906,13.326761,1,0,5.120933,0.594004,0,83.999707,10.782636,6.952149,0.911861,0.024939,85.767922,172.770581,12.112626,21.667139,0.757271,0.07449,590.959971,19.861788,0.01313,21.962601,0,0.59402,0.538879,0.498845,3.332746,0.502982
2023-07-17 00:00:00,0,2,0.011905,13.35955,1,0,5.119877,0.594292,0,84.898136,11.677092,6.09727,0.929917,0.025444,84.9942,170.636437,12.115075,21.484739,0.817576,0.078751,590.807192,19.858942,0.013545,21.956469,0,0.56643,0.510671,0.456601,3.217555,0.485591
2023-07-18 00:00:00,0,2,0.011903,13.5666,1,0,5.116836,0.596106,0,84.164571,11.318416,8.127534,0.930591,0.025552,90.63848,165.174373,12.994062,20.917841,0.916887,0.083563,590.017178,19.846373,0.016341,21.929568,0,0.539811,0.484313,0.417194,3.043996,0.459399
2023-07-19 00:00:00,0,2,0.011906,13.797895,1,0,5.071449,0.596224,0,82.80525,11.037675,6.552073,0.917554,0.025085,88.54934,166.898376,12.961136,21.521319,1.113691,0.110167,594.205166,19.782664,0.023568,21.956865,0,0.489206,0.435956,0.359467,2.664561,0.402138
2023-07-20 00:00:00,0,2,0.011893,13.657207,1,0,4.982077,0.584093,0,73.219565,3.907514,4.363237,0.753483,0.02018,78.228107,192.955896,10.200392,27.512542,0.480611,0.254682,612.218757,19.550193,0.057688,22.37706,0,0.348995,0.323812,0.331553,1.622825,0.244948
2023-07-21 00:00:00,0.0007,2,0.011894,13.447182,1,0,4.979019,0.576148,3212,73.885979,3.659968,4.215858,0.750784,0.020012,78.684262,198.546997,10.215004,29.928209,0.466578,0.309096,615.300659,19.574754,0.068538,22.551635,0,0.322341,0.30478,0.344024,1.565761,0.236334
2023-07-22 00:00:00,0,2,0.011897,13.445649,1,0,4.899754,0.562539,0,75.221966,3.35284,3.928537,0.744061,0.019517,78.222803,203.810377,10.169371,33.587052,0.500984,0.397146,619.388229,19.630671,0.0867,22.707865,0,0.322322,0.309282,0.374357,1.592758,0.24041
2023-07-23 00:00:00,0,2,0.011897,13.452299,1,0,4.89181,0.562374,0,75.540366,3.575599,4.28374,0.756955,0.019825,82.01464,198.956781,10.869132,33.100864,0.512587,0.396575,619.386308,19.630093,0.086879,22.708168,0,0.3075,0.293585,0.354372,1.543698,0.233002
2023-07-24 00:00:00,0,2,0.011894,13.829185,1,0,4.78273,0.551053,0,76.913051,3.546743,4.170429,0.759758,0.019601,83.015894,196.674701,11.223562,34.768096,0.588121,0.448275,622.169863,19.677051,0.1016,22.743617,0,0.315282,0.30059,0.348423,1.584217,0.239118
2023-07-25 00:00:00,0,2,0.011894,13.857887,1,0,4.776175,0.550482,0,77.324897,3.815742,4.482632,0.775128,0.019981,86.450416,191.375616,11.932816,33.916565,0.605123,0.438853,622.270214,19.678177,0.102328,22.74106,0,0.301317,0.285178,0.319158,1.537423,0.232052
2023-07-26 00:00:00,0,2,0.011917,12.80864,1,0,4.374761,0.51852,0,80.827463,3.412333,3.654722,0.757879,0.017527,82.838173,189.046272,11.684727,39.898569,0.878739,0.606887,629.88024,19.835548,0.14393,22.699006,0,0.381324,0.35915,0.370722,1.818703,0.274515
2023-07-27 00:00:00,0,2,0.011917,12.809331,1,0,4.374761,0.51852,0,81.14476,3.666595,4.035811,0.777965,0.017991,86.069473,184.223891,12.493835,38.887637,0.887803,0.59193,629.844024,19.834408,0.143922,22.697827,0,0.3642,0.340808,0.341441,1.763655,0.266202
2023-07-28 00:00:00,0.0183,2,0.011917,12.813685,1,0,4.373396,0.518374,2008,81.420897,3.898813,4.333607,0.797516,0.018439,89.006129,179.831337,13.236774,38.037897,0.894603,0.580234,629.837914,19.83389,0.144101,22.698247,0,0.348193,0.32382,0.318642,1.711699,0.258357
2023-07-29 00:00:00,0.0417,2,0.011912,12.903024,1,0,4.330155,0.511697,2022,82.46707,4.014102,4.513781,0.809658,0.018568,90.524221,180.543053,13.740535,39.774092,0.918821,0.625662,631.198766,19.861636,0.15278,22.761302,0,0.345401,0.321868,0.3366,1.72142,0.259822
2023-07-30 00:00:00,0.0417,2,0.011909,12.936883,1,0,4.307715,0.509186,2016,83.146549,4.301371,4.778896,0.82857,0.018916,92.788356,179.135681,14.4241,40.364764,0.937218,0.645394,631.67861,19.871162,0.155983,22.787654,0,0.334299,0.311212,0.334397,1.690946,0.25522
2023-07-31 00:00:00,0.0417,2,0.011904,13.02641,1,0,4.274673,0.502644,2003,84.239601,4.488801,4.879687,0.843157,0.019135,94.287742,177.716764,15.012397,40.91841,0.964942,0.664204,633.022574,19.89855,0.164562,22.84447,0,0.330544,0.30682,0.319712,1.695891,0.255964
2023-08-01 00:00:00,0.0417,2,0.011902,13.053429,1,0,4.260336,0.500883,2009,84.981802,4.917203,5.076158,0.865583,0.019589,96.347118,175.106041,15.688758,40.775739,0.987468,0.667114,633.347657,19.904871,0.166805,22.862301,0,0.318418,0.294575,0.301288,1.65824,0.250278
2023-08-02 00:00:00,0.0417,2,0.011898,13.134438,1,0,4.238604,0.495647,1998,86.190683,5.335707,5.151199,0.885814,0.019976,97.78564,172.584825,16.29715,40.625237,1.022938,0.669622,634.422209,19.926681,0.173713,22.904866,0,0.312377,0.287177,0.280776,1.649798,0.249002
2023-08-03 00:00:00,0.0118,2,0.011928,13.5354,1,0,3.673374,0.43503,2010,93.188711,2.782175,3.28259,0.779653,0.015359,86.917583,193.302351,13.969859,60.908051,1.399562,1.16723,651.6663,20.280312,0.276052,23.199397,0,0.49413,0.464549,0.491043,2.327221,0.351269
2023-08-04 00:00:00,0.0069,2,0.011928,13.537082,1,0,3.673374,0.43503,2074,93.505454,3.127656,3.605658,0.811748,0.015992,90.311272,188.148189,15.325013,59.28969,1.412505,1.136718,651.626675,20.279079,0.276035,23.198135,0,0.470751,0.439535,0.450148,2.253345,0.340114
2023-08-05 00:00:00,0,2,0.011928,13.54438,1,0,3.673374,0.43503,0,93.885092,3.525624,3.929801,0.84469,0.016643,93.419013,183.216287,16.5869,57.741031,1.426316,1.107519,651.587027,20.277845,0.276018,23.196894,0,0.448779,0.416072,0.412805,2.18212,0.329359
2023-08-06 00:00:00,0,2,0.011928,13.546199,1,0,3.673374,0.43503,0,94.364859,3.996588,4.24888,0.87882,0.017316,96.271267,178.498831,17.766811,56.259429,1.442882,1.079562,651.547379,20.276611,0.276001,23.195673,0,0.427555,0.393674,0.3785,2.112834,0.318897
2023-08-07 00:00:00,0,2,0.011928,13.552366,1,0,3.673374,0.43503,0,94.923175,4.541116,4.502416,0.914034,0.018012,98.670263,174.210137,18.802203,54.912612,1.460475,1.054163,651.507703,20.275376,0.275984,23.19453,0,0.407572,0.372661,0.347277,2.045993,0.308804
2023-08-08 00:00:00,0,2,0.011928,13.566961,1,0,3.673374,0.43503,0,95.851853,5.344269,4.730243,0.953463,0.018795,100.385138,170.509276,19.634562,53.750746,1.490335,1.032283,651.467905,20.274138,0.275968,23.19354,0,0.388859,0.352951,0.3186,1.981547,0.299073
2023-08-09 00:00:00,0,2,0.011921,14.388392,1,0,3.99556,0.468864,0,91.657052,4.848337,4.041444,0.902345,0.019664,94.877129,176.925016,17.681354,52.565691,1.418385,0.998617,642.414051,19.822203,0.262104,23.00468,0,0.371073,0.337981,0.318216,1.837437,0.277326
2023-08-10 00:00:00,0,2,0.011912,14.984312,1,0,4.403197,0.517266,0,84.792566,3.430154,3.179424,0.80676,0.019605,88.377207,181.820013,15.022968,50.347082,1.309567,0.943113,629.419947,19.173341,0.242192,22.691682,0,0.352006,0.322136,0.304343,1.660724,0.250663
2023-08-11 00:00:00,0,2,0.011907,14.492286,1,0,4.794228,0.563145,0,78.273229,2.767766,2.44121,0.743611,0.019484,81.90245,186.321712,12.673065,46.873111,1.163125,0.854126,616.01092,18.560126,0.213373,22.402483,0,0.301745,0.278975,0.272048,1.414884,0.213561
2023-08-12 00:00:00,0,2,0.011907,14.494484,1,0,4.794228,0.563145,0,78.625334,3.111924,2.824586,0.772788,0.02025,85.472871,180.946429,13.759675,45.525818,1.173675,0.829913,615.9706,18.558911,0.213359,22.401166,0,0.286424,0.26285,0.247744,1.367037,0.206336
2023-08-13 00:00:00,0,2,0.011907,14.497533,1,0,4.794228,0.563145,0,79.032533,3.502397,3.187542,0.802709,0.021035,88.690973,175.850052,14.756267,44.24827,1.184977,0.806946,615.93027,18.557696,0.213345,22.399881,0,0.27192,0.247687,0.225644,1.320847,0.199361
2023-08-14 00:00:00,0,2,0.011907,14.504616,1,0,4.794228,0.563145,0,79.53901,3.965119,3.524548,0.833827,0.021854,91.567149,171.037028,15.668099,43.041653,1.198995,0.78525,615.889904,18.556479,0.213331,22.398632,0,0.258249,0.233456,0.205535,1.276307,0.192635
2023-08-15 00:00:00,0,2,0.011907,14.507225,1,0,4.794228,0.563145,0,80.253851,4.570491,3.834664,0.867237,0.02273,94.043838,166.600573,16.486587,41.92902,1.220408,0.765241,615.84955,18.555264,0.213317,22.397447,0,0.245148,0.219971,0.2,1.233136,0.186116
2023-08-16 00:00:00,0,2,0.011907,14.513655,1,0,4.794228,0.563145,0,81.11052,5.298751,4.054085,0.902491,0.023657,96.047376,162.659603,17.192917,40.940481,1.248364,0.747482,615.809149,18.554046,0.213303,22.396358,0,0.232823,0.2,0.2,1.191531,0.179834
2023-08-17 00:00:00,0,2,0.011907,14.534829,1,0,4.794228,0.563145,0,82.389815,6.378043,4.12138,0.942824,0.024725,96.873724,159.644257,17.628999,40.184265,1.29406,0.733938,615.768531,18.552823,0.213289,22.395564,0,0.221461,0.2,0.2,1.15163,0.173809
2023-08-18 00:00:00,0,2,0.011907,14.568277,1,0,4.79423,0.563145,0,83.582134,7.446143,4.150605,0.98284,0.025792,98.714057,155.913172,18.336166,39.248844,1.358773,0.717148,615.727602,18.551589,0.213275,22.394474,0,0.210905,0.2,0.2,1.113213,0.168008
2023-08-19 00:00:00,0,2,0.011907,14.583807,1,0,4.794264,0.563145,0,85.221032,8.95846,3.900231,1.029401,0.027022,98.522269,154.135887,18.566018,38.798264,1.445942,0.709077,615.686838,18.550361,0.213261,22.393976,0,0.200477,0.2,0.2,1.075698,0.162343
2023-08-20 00:00:00,0,2,0.011907,14.588251,1,0,4.794321,0.563145,0,87.28963,11.039976,3.505447,1.082526,0.028419,98.184643,152.831182,18.888553,38.464253,1.637952,0.70314,615.646195,18.549136,0.213247,22.393613,0,0.2,0.2,0.2,1.03916,0.156826
2023-08-21 00:00:00,0,2,0.011907,14.621055,1,0,4.794508,0.563146,0,89.649761,13.55617,2.922454,1.144619,0.03007,97.265777,152.488254,19.202764,38.363856,1.937641,0.70146,615.604774,18.547886,0.213232,22.393506,0,0.2,0.2,0.2,1.004329,0.151567
2023-08-22 00:00:00,0,2,0.011907,14.625879,1,0,4.794772,0.563146,0,91.970411,16.190268,2.232123,1.212896,0.031869,96.248075,152.392016,19.630077,38.304298,2.351231,0.700306,615.564012,18.546657,0.213218,22.393555,0,0.2,0.2,0.2,0.970144,0.146405
2023-08-23 00:00:00,0,2,0.011907,14.638897,1,0,4.795512,0.563147,0,94.562137,19.067181,1.727868,1.294139,0.034017,95.476028,151.651124,20.162681,38.054424,2.802672,0.695547,615.522824,18.545413,0.213203,22.393494,0,0.2,0.2,0.2,0.937211,0.141432
2023-08-24 00:00:00,0,2,0.011907,14.649636,1,0,4.796582,0.563148,0,96.742276,21.604397,1.438485,1.377678,0.036229,95.349154,149.535897,20.847162,37.423765,3.251734,0.683612,615.481562,18.544165,0.213188,22.393143,0,0.2,0.2,0.2,0.905322,0.136617
2023-08-25 00:00:00,0,2,0.011907,14.723275,1,0,4.798906,0.563159,0,98.109046,23.019896,2.034975,1.458055,0.038417,99.67427,146.183259,22.266974,36.459738,3.422743,0.665446,615.43576,18.542744,0.213167,22.391186,0,0.2,0.2,0.2,0.874851,0.132016
2023-08-26 00:00:00,0,2,0.011907,14.73163,1,0,4.800093,0.563159,0,100.355603,25.736234,1.623785,1.562498,0.041186,99.391493,146.483145,22.993058,36.370787,3.939843,0.662948,615.394551,18.541501,0.213152,22.391104,0,0.2,0.2,0.2,0.84494,0.127499
2023-08-27 00:00:00,0,2,0.011907,14.733491,1,0,4.800714,0.563159,0,102.698519,28.546565,1.268897,1.67813,0.044241,98.814689,146.758681,23.581014,36.348478,4.406947,0.662084,615.353514,18.540264,0.213138,22.391097,0,0.2,0.2,0.2,0.815904,0.123115
2023-08-28 00:00:00,0.0012,2,0.011907,14.750704,1,0,4.805779,0.563163,2355,106.066866,32.379355,0.945996,1.826878,0.04823,98.500291,147.957543,24.427759,36.215563,5.031133,0.656804,615.311408,18.538984,0.213122,22.390959,0,0.2,0.2,0.2,0.78809,0.118915
2023-08-29 00:00:00,0,2,0.011907,14.758107,1,0,4.812726,0.563165,0,107.983363,34.749176,0.749161,1.95472,0.051687,97.386609,149.388503,24.60741,35.963615,5.28457,0.647581,615.269761,18.537723,0.213107,22.390673,0,0.2,0.2,0.2,0.761068,0.114834
2023-08-30 00:00:00,0.001,2,0.011907,14.762008,1,0,4.816105,0.563167,2117,110.345519,37.626045,0.593677,2.101248,0.055605,96.979626,150.024879,25.236672,35.845657,5.758442,0.643371,615.228117,18.536463,0.213091,22.390505,0,0.2,0.2,0.2,0.734876,0.110879
2023-08-31 00:00:00,0,2,0.011906,14.832189,1,0,4.836916,0.563221,0,112.688267,40.474234,0.497658,2.251784,0.05993,96.164449,152.093023,25.447331,35.421281,5.991354,0.628074,615.170573,18.534548,0.213043,22.388281,0,0.2,0.2,0.2,0.709827,0.107097
2023-09-01 00:00:00,0,2,0.011906,14.844663,1,0,4.855248,0.563236,0,115.074621,43.461107,0.393276,2.417808,0.064608,96.182879,154.040448,26.324754,34.710398,6.583615,0.604395,615.125016,18.533136,0.21302,22.38691,0,0.2,0.2,0.2,0.68539,0.103407
2023-09-02 00:00:00,0,2,0.011906,14.84798,1,0,4.863017,0.563243,0,117.512595,46.478658,0.313758,2.59642,0.069497,96.017586,154.685553,27.065852,34.419695,7.105609,0.595073,615.08185,18.531819,0.213001,22.386297,0,0.2,0.2,0.2,0.661651,0.099822
2023-09-03 00:00:00,0,2,0.011906,14.897476,1,0,4.9162,0.563415,0,120.215583,49.698387,0.266161,2.785828,0.075456,95.122906,156.903748,27.25295,33.237531,7.336758,0.557642,614.987264,18.528487,0.212865,22.377672,0,0.2,0.2,0.2,0.638574,0.096338
2023-09-04 00:00:00,0,2,0.011941,16.649542,1,0,5.58247,0.66913,0,50.366134,4.779977,2.140967,0.718487,0.022878,77.682161,161.523853,10.475219,20.854881,0.805563,0.171749,547.215641,16.301212,0.050851,20.769828,0,0.212114,0.207194,0.2,0.574778,0.086755
2023-09-05 00:00:00,0,2,0.011935,16.186318,1,0,5.629415,0.66396,0,49.72185,3.995931,2.212585,0.685933,0.021824,76.32403,169.206275,9.974225,21.743042,0.648899,0.183441,546.804658,16.331931,0.049817,20.888631,0,0.2,0.2,0.2,0.576449,0.087008
2023-09-06 00:00:00,0,2,0.011935,16.191465,1,0,5.629204,0.663959,0,50.226709,4.3149,2.692461,0.707013,0.022496,79.801923,163.778901,10.443159,21.047851,0.656167,0.177736,546.763624,16.330706,0.049813,20.887099,0,0.2,0.2,0.2,0.554672,0.083719
2023-09-07 00:00:00,0,2,0.011925,16.296908,1,0,5.60376,0.647317,0,49.357798,2.685314,1.882397,0.610736,0.019385,72.41763,183.150548,9.013398,23.506898,0.441367,0.219342,547.449096,16.464651,0.051696,21.073001,0,0.2,0.2,0.2,0.621402,0.093794
2023-09-08 00:00:00,0,2,0.011922,16.301359,1,0,5.597247,0.647181,0,49.833756,3.044968,2.276829,0.626559,0.019866,76.465192,176.863067,9.57154,22.702331,0.458044,0.211996,547.311619,16.460516,0.051683,21.060787,0,0.2,0.2,0.2,0.597992,0.090259
2023-09-09 00:00:00,0,2,0.011922,16.304084,1,0,5.597233,0.647181,0,50.527037,3.530104,2.674045,0.644864,0.020448,79.998985,171.41178,10.071059,22.005413,0.478857,0.205671,547.270241,16.459272,0.051679,21.059444,0,0.2,0.2,0.2,0.575206,0.086818
2023-09-10 00:00:00,0,2,0.011922,16.311558,1,0,5.59723,0.647181,0,51.386584,4.137899,2.995478,0.6653,0.021099,82.975063,166.445207,10.512592,21.370329,0.507744,0.199901,547.228945,16.45803,0.051675,21.058197,0,0.2,0.2,0.2,0.55338,0.083523
2023-09-11 00:00:00,0,2,0.011922,16.314373,1,0,5.597229,0.647181,0,52.54301,4.97854,3.207022,0.689331,0.021862,85.378357,162.100846,10.911665,20.817385,0.554714,0.194974,547.187736,16.45679,0.051671,21.057071,0,0.2,0.2,0.2,0.532275,0.080336
2023-09-12 00:00:00,0,2,0.011922,16.332376,1,0,5.597229,0.647181,0,54.121642,6.206797,3.261061,0.719023,0.022812,86.714566,158.766554,11.228083,20.389963,0.635474,0.191077,547.146325,16.455545,0.051667,21.056205,0,0.2,0.2,0.2,0.512178,0.077301
2023-09-13 00:00:00,0,2,0.011922,16.336901,1,0,5.597229,0.647181,0,56.056951,7.858921,3.144639,0.754449,0.023938,87.590132,156.333296,11.585068,20.080845,0.776775,0.18837,547.105046,16.454303,0.051663,21.055509,0,0.2,0.2,0.2,0.492655,0.074353
2023-09-14 00:00:00,0,2,0.011922,16.366682,1,0,5.596061,0.647085,0,57.710789,9.441973,2.691223,0.790975,0.025107,85.833012,155.885896,11.590413,20.02825,0.906766,0.18844,547.075622,16.454081,0.051701,21.055919,0,0.2,0.2,0.2,0.474786,0.071655
2023-09-15 00:00:00,0.0013,2,0.011921,16.572446,1,0,5.563377,0.644497,1443,58.378353,9.822356,2.463711,0.807287,0.025579,84.227889,158.548828,11.450661,20.425033,0.941967,0.202521,547.362826,16.48072,0.052815,21.066878,0,0.2,0.2,0.2,0.475269,0.071727
2023-09-16 00:00:00,0,2,0.011924,17.385491,1,0,5.321593,0.618893,0,56.440753,5.511512,2.743558,0.662042,0.020391,83.786403,165.91476,10.93237,21.575252,0.706022,0.255093,550.617333,16.758784,0.064009,21.113471,0,0.2,0.2,0.2,0.633752,0.095654
2023-09-17 00:00:00,0,2,0.011924,17.415594,1,0,5.308796,0.617483,0,56.045785,4.885282,3.197084,0.664458,0.020428,85.992815,161.41131,11.04801,21.001026,0.592686,0.250156,550.754018,16.772814,0.064621,21.113889,0,0.2,0.2,0.2,0.617154,0.093148
2023-09-18 00:00:00,0,2,0.011924,17.428822,1,0,5.305749,0.617143,0,57.037198,5.583608,3.394902,0.687867,0.021141,88.142392,157.070789,11.395427,20.442358,0.624704,0.244103,550.752205,16.775132,0.064764,21.113126,0,0.2,0.2,0.2,0.594058,0.08966
2023-09-19 00:00:00,0,2,0.011924,17.445441,1,0,5.303784,0.61688,0,58.749802,6.926881,3.382481,0.720655,0.022148,89.246406,153.852757,11.705752,20.030737,0.715565,0.239703,550.74016,16.77662,0.064875,21.112574,0,0.2,0.2,0.2,0.571423,0.086242
2023-09-20 00:00:00,0,2,0.011924,17.458126,1,0,5.303508,0.616844,0,60.931408,8.840634,3.10377,0.763038,0.023455,89.092956,152.01534,11.963061,19.791801,0.874553,0.236985,550.698615,16.775604,0.064885,21.112157,0,0.2,0.2,0.2,0.54832,0.082754
2023-09-21 00:00:00,0,2,0.011924,17.464663,1,0,5.303429,0.616832,0,63.446709,11.340787,2.634933,0.815222,0.025062,88.482204,150.995828,12.398839,19.662993,1.179168,0.23571,550.654428,16.77434,0.064884,21.111937,0,0.2,0.2,0.2,0.525888,0.079366
2023-09-22 00:00:00,0,2,0.011924,17.491471,1,0,5.303272,0.616756,0,65.983676,14.004665,2.304332,0.878147,0.02701,89.075092,149.724093,13.256019,19.495481,1.651591,0.233752,550.616302,16.773724,0.064912,21.111676,0,0.2,0.2,0.2,0.504977,0.076209
2023-09-23 00:00:00,0.0043,2,0.011924,17.496791,1,0,5.303375,0.616755,2018,69.018908,17.317844,1.806497,0.963042,0.029625,88.872611,149.862061,14.328664,19.51683,2.318427,0.234226,550.570882,16.772347,0.064907,21.111664,0,0.2,0.2,0.2,0.484208,0.073073
2023-09-24 00:00:00,0,2,0.011924,17.498674,1,0,5.303454,0.616754,0,72.035479,20.715377,1.390655,1.067056,0.032827,88.984568,149.968176,15.617594,19.531356,3.095297,0.234513,550.525433,16.770966,0.064902,21.111666,0,0.2,0.2,0.2,0.464218,0.070054
2023-09-25 00:00:00,0,2,0.011924,17.521961,1,0,5.303976,0.616745,0,76.325115,25.434211,0.894682,1.22521,0.037713,88.579123,150.578251,17.213166,19.60536,4.102961,0.235389,550.479029,16.769618,0.0649,21.112082,0,0.2,0.2,0.2,0.4454,0.067213
2023-09-26 00:00:00,0,2,0.011924,17.535812,1,0,5.304537,0.616743,0,78.794529,28.391246,0.691794,1.368721,0.042146,88.490593,150.306888,18.234946,19.55993,4.731584,0.234664,550.432634,16.768224,0.064896,21.112054,0,0.2,0.2,0.2,0.427148,0.064457
2023-09-27 00:00:00,0,2,0.011924,17.587396,1,0,5.305895,0.616731,0,81.799351,31.956816,0.576852,1.548375,0.047739,89.81451,150.035968,19.776335,19.505174,5.569744,0.233567,550.382267,16.766783,0.064894,21.111919,0,0.2,0.2,0.2,0.410047,0.061874
2023-09-28 00:00:00,0.006,2,0.011924,17.59018,1,0,5.30598,0.616731,2538,84.888876,35.638187,0.436283,1.745365,0.053817,90.266614,150.077009,21.196687,19.511029,6.401515,0.233724,550.336539,16.76539,0.064889,21.111915,0,0.2,0.2,0.2,0.393033,0.059305
2023-09-29 00:00:00,0,2,0.011924,17.599335,1,0,5.306813,0.616731,0,87.605814,38.952708,0.334464,1.957282,0.060371,90.194859,150.237884,22.20647,19.503787,7.02183,0.232828,550.290271,16.763982,0.064883,21.11185,0,0.2,0.2,0.2,0.376802,0.056854
2023-09-30 00:00:00,0.0217,2,0.011924,17.601708,1,0,5.307227,0.616731,2079,90.686345,42.699648,0.253903,2.196638,0.067763,90.667604,150.344695,23.570554,19.503379,7.818461,0.232437,550.244342,16.762583,0.064878,21.11182,0,0.2,0.2,0.2,0.361139,0.054489
2023-10-01 00:00:00,0.0129,2,0.011924,17.649579,1,0,5.310163,0.61673,2040,95.163236,48.002568,0.209844,2.535362,0.078329,92.996521,150.830367,25.792535,19.494148,8.999528,0.230059,550.191611,16.760995,0.064871,21.111351,0,0.2,0.2,0.2,0.346501,0.052279
2023-10-02 00:00:00,0,2,0.011924,17.67768,1,0,5.313241,0.616732,0,97.53487,51.10255,0.175362,2.806089,0.086792,93.381908,151.518612,26.79705,19.493215,9.58069,0.227046,550.139768,16.759414,0.064864,21.110748,0,0.2,0.2,0.2,0.332236,0.050125
2023-10-03 00:00:00,0.0002,2,0.011924,17.720722,1,0,5.31678,0.616736,3136,99.16087,53.125423,0.279791,3.079031,0.095379,92.469572,152.108699,26.795036,19.479487,9.642717,0.22384,550.065664,16.757015,0.06484,21.109077,0,0.2,0.2,0.2,0.318784,0.048094
2023-10-04 00:00:00,0,2,0.011951,17.725149,1,0,4.753789,0.575591,0,42.043394,4.977172,2.337089,0.645123,0.017869,72.989417,147.391965,9.295238,15.345179,0.771847,0.061315,489.888241,14.489894,0.017549,19.520634,0,0.268401,0.244606,0.21349,1.060685,0.160098
2023-10-05 00:00:00,0.0008,2,0.011951,17.72822,1,0,4.753789,0.575591,2670,42.686138,5.315667,2.862186,0.673226,0.018649,76.128684,142.215991,9.614239,14.814194,0.775994,0.059666,489.847174,14.48868,0.017547,19.519233,0,0.251085,0.226648,0.2,1.016273,0.153392
2023-10-06 00:00:00,0.0047,2,0.011951,17.735361,1,0,4.753779,0.57559,2579,43.47451,5.799786,3.307575,0.702624,0.019466,78.509639,137.716162,9.866222,14.352393,0.786748,0.058244,489.80481,14.487417,0.017545,19.517945,0,0.235101,0.210157,0.2,0.973935,0.146999
2023-10-07 00:00:00,0,2,0.011951,17.753433,1,0,4.753778,0.57559,0,44.424713,6.421619,3.571033,0.734117,0.020346,80.569811,133.529292,10.106453,13.922193,0.810148,0.05689,489.763485,14.486194,0.017543,19.516729,0,0.220451,0.2,0.2,0.933627,0.140912
2023-10-08 00:00:00,0.0051,2,0.011951,17.757761,1,0,4.753778,0.57559,2593,45.947275,7.488151,3.770354,0.772331,0.021407,82.17626,129.921852,10.366665,13.551402,0.873048,0.055741,489.722279,14.484976,0.017542,19.515638,0,0.206269,0.2,0.2,0.894536,0.13501
2023-10-09 00:00:00,0.0328,2,0.011951,17.777034,1,0,4.753776,0.57559,2162,47.845328,9.047307,3.583184,0.817447,0.022666,82.202188,128.133598,10.537053,13.370306,0.979433,0.055345,489.680921,14.483752,0.01754,19.515048,0,0.2,0.2,0.2,0.857573,0.129428
2023-10-10 00:00:00,0.0206,2,0.011951,17.782027,1,0,4.753773,0.57559,2280,50.168322,11.103037,3.360684,0.870025,0.024126,82.426821,126.779732,10.90748,13.233499,1.192025,0.05507,489.639641,14.482531,0.017539,19.514503,0,0.2,0.2,0.2,0.821631,0.124001
2023-10-11 00:00:00,0.0004,2,0.011951,17.842036,1,0,4.75375,0.57559,997,53.547582,14.838477,2.019077,0.950876,0.026399,78.194297,129.684004,11.263761,13.54143,1.669547,0.056653,489.597506,14.481285,0.017537,19.515564,0,0.2,0.2,0.2,0.788362,0.118977
2023-10-12 00:00:00,0.0258,2,0.011951,17.84787,1,0,4.753737,0.57559,2662,56.576192,18.099048,1.557799,1.035954,0.028765,77.986654,129.685725,12.295476,13.54618,2.299839,0.056965,489.556028,14.480058,0.017536,19.515568,0,0.2,0.2,0.2,0.755217,0.113973
2023-10-13 00:00:00,0,2,0.011951,17.87524,1,0,4.75357,0.57559,0,60.017775,21.982334,1.168596,1.162827,0.032304,78.449594,129.354182,13.842623,13.517879,3.193782,0.057243,489.514279,14.478824,0.017534,19.515627,0,0.2,0.2,0.2,0.724081,0.109271
2023-10-14 00:00:00,0.0256,2,0.011951,17.878913,1,0,4.753566,0.57559,2311,63.009292,25.384299,0.902249,1.294252,0.035957,78.869436,129.33765,15.222386,13.520106,3.991341,0.057508,489.472709,14.477594,0.017533,19.515627,0,0.2,0.2,0.2,0.693488,0.104652
2023-10-15 00:00:00,0.0038,2,0.011951,17.888045,1,0,4.753417,0.57559,2668,66.439949,29.27468,0.695824,1.459396,0.040551,79.701934,128.856968,16.853939,13.474927,4.912468,0.057648,489.431045,14.476362,0.017531,19.51562,0,0.2,0.2,0.2,0.664319,0.100247
2023-10-16 00:00:00,0.0327,2,0.011951,17.97689,1,0,4.752796,0.575589,2430,70.793455,33.974,0.526708,1.687446,0.046965,80.209237,127.827754,18.404947,13.374096,5.805623,0.057672,489.387466,14.475073,0.01753,19.515549,0,0.2,0.2,0.2,0.637588,0.096211
2023-10-17 00:00:00,0.0047,2,0.011951,17.98708,1,0,4.752323,0.575589,2713,74.234269,37.990046,0.40799,1.906665,0.053071,81.203891,127.332056,20.050649,13.328988,6.724833,0.057931,489.345461,14.473831,0.017528,19.515498,0,0.2,0.2,0.2,0.610612,0.092137
2023-10-18 00:00:00,0.0319,2,0.011951,18.039347,1,0,4.750507,0.575587,2303,77.17813,41.562954,0.334374,2.149865,0.05988,82.342709,126.397508,21.46507,13.241368,7.497789,0.058275,489.302343,14.472557,0.017527,19.515159,0,0.2,0.2,0.2,0.585369,0.088326
2023-10-19 00:00:00,0.0318,2,0.011951,18.053968,1,0,4.749349,0.575587,2500,80.730523,45.796738,0.259649,2.422776,0.067484,83.544151,126.075176,23.1527,13.215297,8.428853,0.058728,489.259948,14.471303,0.017525,19.51504,0,0.2,0.2,0.2,0.560521,0.084573
2023-10-20 00:00:00,0,2,0.011951,18.214768,1,0,4.745628,0.575579,0,83.27475,49.142793,0.23542,2.739641,0.076494,85.934081,125.627102,24.567714,13.179762,9.125411,0.059472,489.212717,14.469911,0.017524,19.51428,0,0.2,0.2,0.2,0.538011,0.081174
2023-10-21 00:00:00,0.0395,2,0.011951,18.218096,1,0,4.745145,0.575579,2286,86.46678,53.106337,0.178239,3.05206,0.085213,86.535581,125.658831,25.924193,13.188671,9.897116,0.059934,489.170061,14.468649,0.017522,19.514275,0,0.2,0.2,0.2,0.514768,0.077665
2023-10-22 00:00:00,0.0183,2,0.011951,18.240421,1,0,4.740334,0.575576,2312,89.898154,57.387942,0.135062,3.411145,0.095185,87.338936,125.818965,27.350169,13.222594,10.697497,0.0616,489.126874,14.467373,0.017521,19.514183,0,0.2,0.2,0.2,0.492822,0.074351
2023-10-23 00:00:00,0.0174,2,0.011951,18.246215,1,0,4.738342,0.575575,2698,93.374594,61.735245,0.101829,3.780601,0.105462,88.170598,125.910425,28.800992,13.242978,11.510598,0.062595,489.084001,14.466106,0.017519,19.514153,0,0.2,0.2,0.2,0.471494,0.07113
2023-10-24 00:00:00,0.0188,2,0.011951,18.251672,1,0,4.737125,0.575575,2680,96.596407,65.867341,0.076619,4.169341,0.116289,88.724741,125.966897,30.042453,13.256789,12.216637,0.063289,489.041147,14.464839,0.017518,19.514134,0,0.2,0.2,0.2,0.451073,0.068047
2023-10-25 00:00:00,0.0044,2,0.01195,18.348464,1,0,4.72653,0.575556,2319,102.318498,72.904797,0.056171,4.78525,0.133424,91.372367,126.223614,32.54407,13.312764,13.540446,0.066232,488.994481,14.46347,0.017517,19.513812,0,0.2,0.2,0.2,0.432198,0.065197
2023-10-26 00:00:00,0.024,2,0.01195,18.370861,1,0,4.721472,0.57555,2478,105.889249,77.518689,0.041995,5.2466,0.146196,92.166929,126.37001,33.891324,13.359181,14.294254,0.069458,488.95052,14.462175,0.017515,19.513697,0,0.2,0.2,0.2,0.413464,0.062368
2023-10-27 00:00:00,0.0165,2,0.01195,18.444137,1,0,4.710749,0.575528,2112,108.470221,81.139905,0.032191,5.702002,0.158755,92.092618,126.544869,34.603491,13.432203,14.725279,0.075231,488.90398,14.460823,0.017515,19.513329,0,0.2,0.2,0.2,0.395703,0.059686
2023-10-28 00:00:00,0.0194,2,0.01195,18.45769,1,0,4.709025,0.575524,2652,111.72608,85.483818,0.024001,6.185975,0.172213,92.549489,126.547557,35.693441,13.453382,15.347175,0.077399,488.860036,14.459529,0.017513,19.51325,0,0.2,0.2,0.2,0.378351,0.057066
2023-10-29 00:00:00,0.0277,2,0.01195,18.62153,1,0,4.7011,0.575478,2297,114.712311,89.565993,0.019163,6.680977,0.186284,92.955974,126.465366,36.652101,13.516057,15.894817,0.085161,488.807955,14.458083,0.017515,19.512503,0,0.2,0.2,0.2,0.362014,0.054599
2023-10-30 00:00:00,0.0197,2,0.01195,18.625217,1,0,4.702692,0.575478,2693,118.109837,94.133819,0.01415,7.209336,0.201099,93.467041,126.348656,37.749588,13.528085,16.517578,0.087789,488.763938,14.456789,0.017514,19.512458,0,0.2,0.2,0.2,0.345923,0.052169
2023-10-31 00:00:00,0.0183,2,0.01195,18.678518,1,0,4.719572,0.575504,2094,121.785477,99.017265,0.011284,7.768089,0.217692,94.220388,125.651416,38.984128,13.562708,17.206371,0.100078,488.718277,14.455695,0.017521,19.511683,0,0.2,0.2,0.2,0.330743,0.049877
2023-11-01 00:00:00,0.0308,2,0.01195,18.679792,1,0,4.720366,0.575504,2333,125.119959,103.59821,0.008274,8.337022,0.233681,94.61796,125.615812,39.963201,13.565602,17.765824,0.100726,488.674155,14.454393,0.017519,19.511675,0,0.2,0.2,0.2,0.315975,0.047647
2023-11-02 00:00:00,0.0159,2,0.01195,18.713748,1,0,4.737825,0.575537,2444,128.947855,108.705876,0.00645,8.934379,0.25152,95.4663,125.028693,41.225103,13.571332,18.464744,0.108494,488.629073,14.453295,0.017525,19.511098,0,0.2,0.2,0.2,0.301939,0.045528
2023-11-03 00:00:00,0.0142,2,0.01195,18.847099,1,0,4.780293,0.575678,2311,132.676271,113.720345,0.005949,9.551663,0.272025,96.137201,124.013323,42.370051,13.565326,19.104958,0.120267,488.580743,14.452888,0.017556,19.509256,0,0.2,0.2,0.2,0.288575,0.04351
2023-11-04 00:00:00,0.0199,2,0.01195,18.887929,1,0,4.831781,0.575819,2349,136.196445,118.483286,0.009769,10.159034,0.292675,96.308617,122.752562,43.152059,13.524783,19.560867,0.131129,488.536455,14.452216,0.017574,19.5082,0,0.2,0.2,0.2,0.275705,0.041566
2023-11-05 00:00:00,0.0257,2,0.01195,19.044339,1,0,4.971627,0.576582,2319,137.629582,120.739012,0.026486,10.602806,0.315276,94.557443,120.465398,42.676702,13.436732,19.390118,0.149306,488.496357,14.454344,0.017671,19.504267,0,0.2,0.2,0.2,0.263923,0.039787
2023-11-06 00:00:00,0.0532,2,0.01195,19.062398,1,0,5.007105,0.576714,2289,140.508767,124.785369,0.066786,11.223075,0.336222,94.017416,119.778922,42.946043,13.410139,19.586329,0.154457,488.45217,14.453549,0.017685,19.50354,0,0.2,0.2,0.2,0.251982,0.037984
2023-11-07 00:00:00,0.0328,2,0.011951,19.330008,1,0,5.207315,0.57879,2421,139.949163,123.90539,0.17872,11.426639,0.357899,89.311704,117.347913,40.527712,13.307437,18.445144,0.171746,488.425923,14.461347,0.017937,19.496212,0,0.2,0.2,0.2,0.242125,0.036495
2023-11-08 00:00:00,0.0447,2,0.011951,19.324748,1,0,5.204411,0.578733,2250,142.525477,127.274232,0.245901,12.053729,0.377291,87.316133,117.325746,39.786399,13.309245,18.132442,0.172001,488.379029,14.45972,0.017928,19.496391,0,0.2,0.2,0.2,0.230805,0.034786
2023-11-09 00:00:00,0.0226,2,0.011951,19.338994,1,0,5.254135,0.578866,2354,145.116347,130.382944,0.303843,12.62903,0.399188,84.98988,116.055435,38.813628,13.254605,17.70259,0.179221,488.333847,14.458865,0.017941,19.495513,0,0.2,0.2,0.2,0.220175,0.033181
2023-11-10 00:00:00,0.0368,2,0.011951,19.376658,1,0,5.425866,0.579628,2207,146.689088,131.922708,0.353861,13.064264,0.42676,81.198864,112.972929,36.855766,13.109385,16.778152,0.194228,488.294561,14.460304,0.018015,19.490495,0,0.2,0.2,0.2,0.210632,0.03174
2023-11-11 00:00:00,0.0249,2,0.011951,19.417863,1,0,5.60201,0.580895,2217,149.856035,135.467961,0.331838,13.535226,0.456871,79.674297,109.332942,36.391954,12.906403,16.599077,0.206145,488.255691,14.463669,0.018145,19.48149,0,0.2,0.2,0.2,0.202084,0.030449
2023-11-12 00:00:00,0.0088,2,0.011953,19.626532,1,0,6.005645,0.587854,2662,151.264413,136.220693,0.303708,13.598186,0.494105,77.111149,103.302832,35.279559,12.532884,16.095132,0.221524,488.236625,14.489274,0.018907,19.443762,0,0.2,0.2,0.2,0.20006,0.0302
2023-11-13 00:00:00,0.0713,2,0.012357,23.274536,1,0,6.723023,0.977265,2317,56.684994,7.86541,5.90808,1.428926,0.062478,73.380864,73.468165,12.177241,10.736821,1.600262,0.232279,434.905262,15.460006,0.101917,17.141634,0,3.151329,3.946655,0.202952,2.652905,0.400451
2023-11-14 00:00:00,0.0311,2,0.012326,22.457786,1,0,6.940608,0.988075,2223,56.465196,7.671102,6.307582,1.429867,0.063507,72.414345,77.178186,11.957651,11.368609,1.515263,0.246431,432.142665,15.395975,0.102761,17.178023,0,2.671256,3.279615,0.209461,2.522248,0.38072
2023-11-15 00:00:00,0.0297,2,0.012326,22.46033,1,0,6.941334,0.988081,2658,57.604262,8.226531,7.096676,1.502433,0.06674,73.305259,73.69656,12.123946,10.912275,1.509842,0.238366,432.08981,15.394104,0.102749,17.176273,0,2.426472,2.938764,0.2,2.377943,0.35893
2023-11-16 00:00:00,0.03,2,0.012325,22.468712,1,0,6.954557,0.988618,2125,58.892175,9.081436,7.342562,1.573994,0.070064,73.398947,71.535119,12.195031,10.648321,1.516961,0.234227,431.962654,15.390954,0.10277,17.172646,0,2.212887,2.645146,0.2,2.246712,0.339114
2023-11-17 00:00:00,0.0201,2,0.012324,22.472319,1,0,6.967192,0.98918,2428,61.267524,10.917734,7.114908,1.65827,0.073955,72.884248,70.181682,12.303233,10.497656,1.605069,0.232385,431.831104,15.387729,0.102793,17.169438,0,2.016376,2.378775,0.2,2.12236,0.320337
2023-11-18 00:00:00,0.0436,2,0.012319,22.485823,1,0,7.019435,0.993318,2187,63.978158,13.774827,4.976422,1.73706,0.07807,70.380922,71.64007,12.328763,10.773781,1.822524,0.239824,431.179464,15.375558,0.103049,17.156341,0,1.876686,2.18012,0.2,2.031725,0.30665
2023-11-19 00:00:00,0.0108,2,0.012308,22.516606,1,0,7.084445,1.001987,2743,67.160042,17.035519,5.458584,1.823359,0.082758,72.696922,70.293476,14.016755,10.623733,2.656143,0.237778,429.841466,15.351582,0.103611,17.132083,0,1.794314,2.031199,0.2,1.978166,0.298561
2023-11-20 00:00:00,0.0573,2,0.012308,22.518987,1,0,7.084226,1.001937,2403,71.045982,21.208869,4.280515,1.983078,0.090009,72.462909,70.069837,15.077973,10.627314,3.33201,0.23914,429.796877,15.349849,0.103595,17.132033,0,1.628383,1.818364,0.2,1.864089,0.281336
2023-11-21 00:00:00,0.0184,2,0.012308,22.525985,1,0,7.088291,1.002146,2317,75.636024,26.239123,2.817906,2.1737,0.098731,72.200939,70.728469,16.34535,10.764168,4.144096,0.243425,429.715456,15.347486,0.103595,17.131357,0,1.481234,1.632156,0.2,1.758557,0.265401
2023-11-22 00:00:00,0.0259,2,0.012306,22.565928,1,0,7.102756,1.003748,2269,79.46621,30.308453,1.625154,2.33202,0.106223,70.091289,71.370653,16.706992,10.903608,4.5489,0.247828,429.431584,15.341707,0.103687,17.127576,0,1.365957,1.481469,0.2,1.669427,0.251942
2023-11-23 00:00:00,0.0309,2,0.012527,26.028344,1,0,8.322996,1.204105,2359,54.315642,6.792397,5.888737,1.523003,0.087059,73.281667,64.10187,13.372898,10.538168,1.809421,0.258433,422.782376,15.543507,0.113997,16.605176,0,7.373124,10.442471,0.22674,3.450823,0.520911
2023-11-24 00:00:00,0.0575,2,0.012519,25.160856,1,0,8.547203,1.223729,2204,54.794589,7.080857,6.58024,1.58101,0.091229,73.091757,64.555801,13.362509,10.750029,1.753171,0.266924,422.598657,15.587667,0.115163,16.644927,0,6.317137,8.75637,0.222802,3.291622,0.496866
2023-11-25 00:00:00,0.0365,2,0.012519,25.16231,1,0,8.547203,1.223729,2295,56.493679,8.099567,7.412425,1.684794,0.09722,73.514748,61.240654,13.536854,10.340809,1.754565,0.260507,422.535791,15.585349,0.115146,16.642934,0,5.608497,7.644921,0.2,3.066296,0.462842
2023-11-26 00:00:00,0.0403,2,0.012519,25.168739,1,0,8.547203,1.223729,2258,59.06736,10.066291,7.447952,1.799106,0.10383,73.15708,58.881077,13.695453,10.068072,1.832665,0.256947,422.472884,15.583028,0.115128,16.641406,0,4.984663,6.68076,0.2,2.857189,0.431267
2023-11-27 00:00:00,0.0638,2,0.012519,25.170532,1,0,8.547203,1.223729,2280,63.226911,13.663167,7.192184,1.939544,0.111939,73.048477,57.199884,14.283466,9.891813,2.1729,0.255387,422.409997,15.580709,0.115111,16.640156,0,4.425511,5.83271,0.2,2.661557,0.401726
2023-11-28 00:00:00,0.0373,2,0.012519,25.175766,1,0,8.547203,1.223729,2300,68.496544,19.186947,5.571762,2.128333,0.122848,72.566552,58.035495,15.502567,10.133656,2.979013,0.264206,422.347074,15.578388,0.115094,16.640102,0,3.931573,5.09604,0.2,2.47971,0.374267
2023-11-29 00:00:00,0.0109,2,0.012519,25.177054,1,0,8.547203,1.223729,2280,73.823029,25.200405,4.239819,2.364107,0.13646,74.164405,58.57659,17.97159,10.31438,4.393645,0.271217,422.284171,15.576068,0.115077,16.639944,0,3.489873,4.44868,0.2,2.309758,0.348605
2023-11-30 00:00:00,0.0493,2,0.012519,25.199013,1,0,8.547203,1.223729,2246,79.274207,32.915937,1.179531,2.708829,0.156426,72.617988,61.533269,20.318867,10.904763,6.078492,0.288611,422.220818,15.573731,0.11506,16.642247,0,3.107772,3.893298,0.2,2.152961,0.324928
2023-12-01 00:00:00,0.0256,2,0.012519,25.202033,1,0,8.547203,1.223729,2436,85.231798,40.058536,0.763105,3.124345,0.180431,74.909576,61.637616,23.228681,10.994358,7.72051,0.292903,422.157812,15.571407,0.115043,16.642254,0,2.759094,3.399228,0.2,2.005385,0.302644
2023-12-02 00:00:00,0.01,2,0.012519,25.216314,1,0,8.547204,1.223729,2588,90.032517,46.09436,0.492717,3.595025,0.207672,75.545975,61.40834,24.986214,11.022861,8.78201,0.295532,422.094576,15.569074,0.115025,16.642271,0,2.454343,2.975214,0.2,1.86877,0.282015
2023-12-03 00:00:00,0.0458,2,0.012519,25.219565,1,0,8.547205,1.223729,2206,95.590657,53.023412,0.321227,4.123976,0.238243,77.209815,61.417527,27.340663,11.082732,10.131378,0.298724,422.031486,15.566747,0.115008,16.642265,0,2.178583,2.59747,0.2,1.740507,0.262648
2023-12-04 00:00:00,0.0443,2,0.012519,25.221419,1,0,8.547205,1.223729,2198,100.892552,59.81133,0.208803,4.711618,0.272201,78.551825,61.478195,29.417902,11.144204,11.335152,0.301779,421.968407,15.564421,0.114991,16.642261,0,1.933185,2.266755,0.2,1.6209,0.244587
2023-12-05 00:00:00,0.0156,2,0.012519,25.279322,1,0,8.547212,1.223729,2314,110.146329,70.897367,0.124833,5.662177,0.327492,81.470199,61.056492,32.554542,11.126176,13.070517,0.302863,421.90324,15.562017,0.114973,16.642143,0,1.728658,1.990712,0.2,1.511372,0.228048
2023-12-06 00:00:00,0.0505,2,0.012519,25.282493,1,0,8.547225,1.223729,2197,116.137963,78.684366,0.0793,6.41749,0.371203,83.216472,61.029648,34.785014,11.16693,14.337123,0.305217,421.839872,15.559679,0.114956,16.642125,0,1.533552,1.736792,0.2,1.407213,0.21232
2023-12-07 00:00:00,0.0272,2,0.012519,25.308515,1,0,8.547324,1.223729,2358,120.669657,85.138638,0.051524,7.213958,0.417492,83.74165,60.777368,36.087837,11.176432,15.122986,0.306913,421.77569,15.557312,0.114938,16.641896,0,1.364863,1.521166,0.2,1.310945,0.197784
2023-12-08 00:00:00,0.0449,2,0.012519,25.315023,1,0,8.547379,1.223729,2205,126.262854,92.69808,0.032687,8.056831,0.466335,85.067463,60.814338,37.924377,11.22112,16.178281,0.309173,421.71201,15.554963,0.114921,16.641842,0,1.210827,1.327097,0.2,1.220421,0.184115
2023-12-09 00:00:00,0.034,2,0.012519,25.322677,1,0,8.547429,1.223729,2284,131.680906,100.183778,0.020763,8.952059,0.518232,86.139786,60.86771,39.541179,11.263502,17.117182,0.311245,421.648213,15.55261,0.114904,16.641791,0,1.074193,1.157548,0.2,1.136086,0.17138
2023-12-10 00:00:00,0.0144,2,0.012519,25.409967,1,0,8.547889,1.22373,2634,137.008156,107.368618,0.119313,10.019683,0.581072,85.48518,60.849853,39.758767,11.311564,17.31491,0.313782,421.580143,15.550101,0.114885,16.641297,0,0.960587,1.015415,0.2,1.057931,0.159579
2023-12-11 00:00:00,0.0154,2,0.012661,25.683094,1,0,9.416413,1.40129,2514,62.369154,9.464792,5.373876,2.120629,0.136212,70.417989,62.487047,15.789459,12.801584,2.082094,0.364765,420.226074,16.60665,0.13952,16.371398,0,12.309316,8.94483,0.638538,8.341391,1.259058
2023-12-12 00:00:00,0.0166,2,0.012692,25.537578,1,0,9.394488,1.405214,2279,62.43306,8.556421,5.693084,2.108408,0.134723,70.745472,62.258711,15.887594,12.816177,2.056723,0.366446,420.220492,16.649913,0.14025,16.347108,0,13.655088,10.199417,0.658346,8.737914,1.318918
2023-12-13 00:00:00,0.0416,2,0.012692,25.538993,1,0,9.394488,1.405214,2276,64.341412,9.748118,6.637538,2.23171,0.142606,71.258414,59.379414,16.130066,12.444097,2.061761,0.363027,420.156141,16.647363,0.140229,16.345138,0,12.080176,8.868721,0.528516,8.124733,1.226328
2023-12-14 00:00:00,0.0461,2,0.012692,25.544427,1,0,9.394488,1.405214,2038,67.256564,12.151063,6.631671,2.367604,0.151306,70.915807,57.570772,16.334076,12.259247,2.166855,0.36398,420.091756,16.644812,0.140207,16.343733,0,10.694969,7.716748,0.424407,7.556064,1.140459
2023-12-15 00:00:00,0.0449,2,0.012692,25.545753,1,0,9.394488,1.405214,2057,71.782348,16.341491,6.274424,2.53285,0.16187,70.935351,56.507284,17.050718,12.203738,2.595065,0.367921,420.02739,16.642262,0.140186,16.342661,0,9.460739,6.709425,0.340815,7.025565,1.060353
2023-12-16 00:00:00,0.0446,2,0.012692,25.550155,1,0,9.394488,1.405214,2040,77.457043,22.692383,4.457013,2.757095,0.176217,70.725386,58.121017,18.462461,12.699576,3.568325,0.387692,419.962996,16.63971,0.140164,16.342883,0,8.37336,5.837083,0.274048,6.533172,0.986002
2023-12-17 00:00:00,0.0485,2,0.012692,25.551659,1,0,9.394488,1.405214,2091,83.022286,29.323057,2.942452,3.033672,0.1939,72.548287,59.166892,21.114941,13.059456,5.146261,0.403002,419.898614,16.637159,0.140143,16.342984,0,7.406769,5.07524,0.220295,6.074315,0.916715
2023-12-18 00:00:00,0.0517,2,0.012692,25.567275,1,0,9.394488,1.405214,2087,88.719657,37.266933,0.906603,3.424885,0.218972,71.65925,61.592319,23.367118,13.701696,6.842701,0.42639,419.833927,16.634596,0.140121,16.345012,0,6.566165,4.421286,0.2,5.65044,0.852709
2023-12-19 00:00:00,0.0469,2,0.012692,25.582355,1,0,9.394483,1.405214,1584,94.97235,44.757293,0.592217,3.89161,0.248887,73.613472,61.417937,25.878475,13.777999,8.314311,0.43263,419.769179,16.632031,0.1401,16.344943,0,5.818123,3.851523,0.2,5.255232,0.793033
2023-12-20 00:00:00,0.037,2,0.012692,25.599835,1,0,9.392925,1.405415,2350,99.103545,49.787538,0.586873,4.36026,0.278909,73.058265,61.567963,26.549995,13.905282,8.833417,0.439497,419.711052,16.63176,0.140099,16.343599,0,5.30168,3.533761,0.204306,4.933365,0.74443
2023-12-21 00:00:00,0.0141,2,0.012868,25.866404,1,0,9.160139,1.432253,2683,62.490001,3.899373,1.295058,1.903535,0.119373,74.698003,63.419643,18.057532,14.174401,2.26144,0.430457,420.675334,16.952102,0.142783,16.138456,0,30.510723,28.374646,0.698273,11.744196,1.772766
2023-12-22 00:00:00,0.0123,2,0.012891,25.355434,1,0,9.152884,1.434658,2529,62.298545,3.215149,1.108918,1.868293,0.115891,75.352208,63.907184,18.245255,14.321884,2.238112,0.434835,420.792234,16.979013,0.14272,16.129751,0,31.642385,29.957399,0.702281,11.847555,1.788365
2023-12-23 00:00:00,0.0313,2,0.012846,24.854325,1,0,9.315256,1.437679,2424,63.217672,4.183566,1.836483,1.928382,0.120539,75.354402,66.629464,18.209808,14.925298,2.149181,0.452049,420.909322,17.003022,0.142602,16.220726,0,26.858747,24.967492,0.685484,11.12529,1.679296
2023-12-24 00:00:00,0.0123,2,0.012846,24.855151,1,0,9.315256,1.437679,2023,64.819656,5.625727,2.60999,2.047508,0.127987,76.252468,64.241378,18.602654,14.784649,2.148739,0.458521,420.848168,17.000552,0.142581,16.218813,0,23.908149,21.863792,0.556501,10.378325,1.566504
2023-12-25 00:00:00,0.0289,2,0.012846,26.023922,1,0,9.296283,1.441893,2448,63.233839,3.705837,1.813569,1.911361,0.122025,76.548984,67.006667,18.617661,15.189654,2.097309,0.461809,421.167929,17.049926,0.142165,16.202836,0,25.761394,25.53427,0.669762,10.852047,1.638022
2023-12-26 00:00:00,0.0482,2,0.012846,26.024789,1,0,9.296283,1.441893,2157,65.271736,5.579659,2.521605,2.042606,0.130406,77.374192,64.508102,19.036388,15.042853,2.117077,0.468371,421.100975,17.047216,0.142142,16.200823,0,22.680314,22.081214,0.533106,10.065515,1.519256
2023-12-27 00:00:00,0.009,2,0.012846,26.028214,1,0,9.296283,1.441893,2233,68.434911,8.603619,2.613108,2.188945,0.139758,77.145287,63.191563,19.365312,15.097885,2.25493,0.479518,421.034002,17.044505,0.142119,16.199441,0,19.976345,19.102644,0.4244,9.337082,1.409262
2023-12-28 00:00:00,0.0192,2,0.012846,26.029068,1,0,9.296283,1.441893,2229,73.358217,13.633316,2.475437,2.370997,0.151385,77.438347,62.696507,20.372052,15.292856,2.83148,0.493847,420.967047,17.041794,0.142097,16.198451,0,17.586839,16.519004,0.337865,8.660235,1.307059
2023-12-29 00:00:00,0.0139,2,0.012846,26.03186,1,0,9.296283,1.441893,2243,79.462957,20.738448,1.629311,2.629446,0.167895,77.715559,65.053967,22.176286,16.13153,4.038221,0.527779,420.900078,17.039083,0.142074,16.198674,0,15.487907,14.28988,0.269201,8.033074,1.212357
2023-12-30 00:00:00,0.0456,2,0.012915,26.528154,1,0,9.112667,1.449518,2263,62.753471,2.34431,0.48302,1.869111,0.118145,78.869877,64.736175,19.667173,15.012335,2.143607,0.45642,421.866191,17.142002,0.140234,16.085566,0,26.75745,33.108306,0.634637,10.880302,1.642263
2023-12-31 00:00:00,0.0325,2,0.012878,25.332602,1,0,9.282308,1.451932,2326,63.907616,3.57609,1.222868,1.929429,0.121321,78.505514,67.53989,19.497883,15.498726,2.062465,0.465797,422.051249,17.159204,0.139707,16.184382,0,22.642664,27.438691,0.634201,10.25501,1.547839
2024-01-01 00:00:00,0.0262,2,0.012867,25.178605,1,0,9.298825,1.453465,2288,63.766853,3.149343,1.140202,1.907908,0.119815,78.805007,68.132671,19.550461,15.571209,2.035077,0.46449,422.238582,17.175442,0.139138,16.193695,0,22.820869,28.659358,0.651793,10.287018,1.552668
